card_name,players,play_count,wins,avg_position,avg_score,win_rate,cn_name,cn_name_plot
Class-action Lawsuit,4.0,2,2,1.0,177.5,100.0,é›†ä½“è¯‰è®¼,é›†ä½“è¯‰è®¼
Zan,4.0,1,1,1.0,83.0,100.0,èµ,èµ
Man-made Volcano,4.0,1,1,1.0,68.0,100.0,äººé€ ç«å±±,äººé€ ç«å±±
Hostile Takeover,4.0,1,1,1.0,122.0,100.0,Hostile Takeover,Hostile Takeover
Infrastructure Overload,4.0,2,2,1.0,101.5,100.0,åŸºç¡€è®¾æ–½è¿‡è½½,åŸºç¡€è®¾æ–½è¿‡è½½
Luna Ecumenopolis,4.0,1,1,1.0,199.0,100.0,ç¯æœˆçƒå·¨å‹åŸå¸‚,ç¯æœˆçƒå·¨å‹åŸå¸‚
Underground Railway,4.0,5,4,1.4,117.2,80.0,åœ°ä¸‹é“è·¯,åœ°ä¸‹é“è·¯
Anti-trust Crackdown,4.0,5,4,1.4,108.0,80.0,åå„æ–­æ‰“å‡»,åå„æ–­æ‰“å‡»
Algae Bioreactors,4.0,8,6,1.5,117.875,75.0,è—»ç±»ç”Ÿç‰©ååº”å™¨,è—»ç±»ç”Ÿç‰©ååº”å™¨
Microsingularity Plant,4.0,4,3,1.75,127.75,75.0,å¾®å¥‡ç‚¹è£…ç½®,å¾®å¥‡ç‚¹è£…ç½®
Luna Political Institute,4.0,9,6,1.5555555555555556,110.0,66.67,æœˆçƒæ”¿æ²»ç ”ç©¶æ‰€,æœˆçƒæ”¿æ²»ç ”ç©¶æ‰€
Off-World Tax Haven,4.0,6,4,1.3333333333333333,108.16666666666667,66.67,å¤–æ˜Ÿé¿ç¨å¤©å ‚,å¤–æ˜Ÿé¿ç¨å¤©å ‚
Media Frenzy,4.0,3,2,2.0,-60.0,66.67,åª’ä½“ç‹‚çƒ­,åª’ä½“ç‹‚çƒ­
Monopoly,4.0,3,2,1.3333333333333333,96.0,66.67,å„æ–­,å„æ–­
Artesian Aquifer,4.0,8,5,1.75,106.375,62.5,è‡ªæµå«æ°´å±‚,è‡ªæµå«æ°´å±‚
Sinus Irdium Road Network,4.0,9,5,1.6666666666666667,141.22222222222223,55.56,å½©è™¹æ¹¾é«˜é€Ÿè·¯ç½‘,å½©è™¹æ¹¾é«˜é€Ÿè·¯ç½‘
Induced Tremor,4.0,9,5,1.4444444444444444,101.88888888888889,55.56,è¯±å‘éœ‡é¢¤,è¯±å‘éœ‡é¢¤
Investigative Journalism,4.0,8,4,1.75,107.375,50.0,è°ƒæŸ¥æ€§æ–°é—»,è°ƒæŸ¥æ€§æ–°é—»
Van Allen,4.0,12,6,1.9166666666666667,94.0,50.0,èŒƒè‰¾ä¼¦,èŒƒè‰¾ä¼¦
Lunar Security Stations,4.0,4,2,2.5,148.0,50.0,æœˆçƒå®‰æ£€ç«™,æœˆçƒå®‰æ£€ç«™
Standard Technology:u,4.0,6,3,2.3333333333333335,-7.5,50.0,Standard Technology:u,Standard Technology:u
Mooncrate Block Factory,4.0,6,3,1.8333333333333333,129.5,50.0,æœˆçƒå‘é‡‡çŸ³åœº,æœˆçƒå‘é‡‡çŸ³åœº
Tunneling Loophole,4.0,2,1,2.5,109.5,50.0,Tunneling Loophole,Tunneling Loophole
Iron Extraction Center,4.0,4,2,2.25,111.5,50.0,å†¶é“ä¸­å¿ƒ,å†¶é“ä¸­å¿ƒ
Geothermal Network,4.0,4,2,2.0,112.25,50.0,åœ°çƒ­ç½‘ç»œ,åœ°çƒ­ç½‘ç»œ
Deep Foundations,4.0,2,1,2.5,117.0,50.0,æ·±å±‚åœ°åŸº,æ·±å±‚åœ°åŸº
Concession Rights,4.0,8,4,2.375,84.75,50.0,ç‰¹è®¸æƒ,ç‰¹è®¸æƒ
Luna Mining Hub,4.0,4,2,2.25,80.0,50.0,æœˆçƒçŸ¿å±±æ¢çº½,æœˆçƒçŸ¿å±±æ¢çº½
Casino,4.0,4,2,2.25,79.25,50.0,èµŒåœº,èµŒåœº
Gas Trust,4.0,2,1,1.5,-182.5,50.0,ç‡ƒæ°”æ‰˜æ‹‰æ–¯,ç‡ƒæ°”æ‰˜æ‹‰æ–¯
Steel Market Monopolists,4.0,4,2,2.25,135.0,50.0,é’¢é“å¸‚åœºå„æ–­è€…,é’¢é“å¸‚åœºå„æ–­è€…
Luna Train Station,4.0,4,2,2.5,108.75,50.0,æœˆçƒç«è½¦ç«™,æœˆçƒç«è½¦ç«™
Declaration of Independence,4.0,47,23,1.8085106382978724,111.72340425531915,48.94,ç‹¬ç«‹å®£è¨€,ç‹¬ç«‹å®£è¨€
Narrative Spin,4.0,15,7,1.8666666666666667,97.53333333333333,46.67,å™äº‹æ“æ§,å™äº‹æ“æ§
Social Events,4.0,211,98,1.9099526066350712,104.27014218009478,46.45,ç¤¾äº¤æ´»åŠ¨,ç¤¾äº¤æ´»åŠ¨
Crater Survey,4.0,9,4,1.8888888888888888,44.666666666666664,44.44,é™¨çŸ³å‘è°ƒæŸ¥,é™¨çŸ³å‘è°ƒæŸ¥
Sphere Habitats,4.0,9,4,2.0,111.88888888888889,44.44,çƒå½¢æ –æ¯åœ°,çƒå½¢æ –æ¯åœ°
Geodesic Tents,4.0,16,7,2.25,111.5625,43.75,åœ°çƒä»ªå½¢å¸ç¯·,åœ°çƒä»ªå½¢å¸ç¯·
Private Resorts,4.0,14,6,1.9285714285714286,97.85714285714286,42.86,ç§äººåº¦å‡æ‘,ç§äººåº¦å‡æ‘
Private Military Contractor,4.0,7,3,2.142857142857143,99.71428571428571,42.86,ç§äººå†›äº‹æ‰¿åŒ…å•†,ç§äººå†›äº‹æ‰¿åŒ…å•†
GHG Shipment,4.0,374,160,2.0588235294117645,88.5855614973262,42.78,æ¸©å®¤æ°”ä½“è¿è¾“,æ¸©å®¤æ°”ä½“è¿è¾“
Underground Detonators,4.0,19,8,2.1578947368421053,100.63157894736842,42.11,åœ°ä¸‹ç‚¸å¼¹,åœ°ä¸‹ç‚¸å¼¹
Diversity Support,4.0,447,188,2.0201342281879193,97.83892617449665,42.06,å¤šæ ·æ€§æ‰¶æŒ,å¤šæ ·æ€§æ‰¶æŒ
Lunar Mine Urbanization,4.0,12,5,2.0833333333333335,68.25,41.67,æœˆçƒé‡‡çŸ¿åŸå¸‚åŒ–,æœˆçƒé‡‡çŸ¿åŸå¸‚åŒ–
City Parks,4.0,446,184,1.9910313901345291,91.56053811659193,41.26,åŸå¸‚å…¬å›­,åŸå¸‚å…¬å›­
Thorium Rush,4.0,17,7,1.9411764705882353,115.3529411764706,41.18,é’é‡‘å±ç‹‚æ½®,é’é‡‘å±ç‹‚æ½®
Nuclear Zone,4.0,241,98,2.103734439834025,82.75103734439834,40.66,æ ¸çˆ†è¾å°„åŒº,æ ¸çˆ†è¾å°„åŒº
Cut-throat Budgeting,4.0,10,4,2.3,83.8,40.0,æ®‹é…·é¢„ç®—,æ®‹é…·é¢„ç®—
Tunneling Subcontractor,4.0,10,4,2.1,32.6,40.0,éš§é“å·¥ç¨‹åˆ†åŒ…å•†,éš§é“å·¥ç¨‹åˆ†åŒ…å•†
Patent Manipulation,4.0,5,2,1.8,99.6,40.0,ä¸“åˆ©æ“çºµ,ä¸“åˆ©æ“çºµ
Cave City,4.0,10,4,1.9,93.8,40.0,æ´ç©´åŸå¸‚,æ´ç©´åŸå¸‚
Mining Robots Manuf. Center,4.0,15,6,2.4,102.8,40.0,é‡‡çŸ¿æœºå™¨äººåˆ¶é€ ä¸­å¿ƒ,é‡‡çŸ¿æœºå™¨äººåˆ¶é€ ä¸­å¿ƒ
Luna Senate,4.0,10,4,1.7,128.1,40.0,æœˆçƒå‚è®®é™¢,æœˆçƒå‚è®®é™¢
Rogers,4.0,10,4,2.0,87.4,40.0,ç½—æ°æ–¯,ç½—æ°æ–¯
Price Wars,4.0,10,4,2.0,102.4,40.0,ä»·æ ¼æˆ˜,ä»·æ ¼æˆ˜
Luna Trade Station,4.0,10,4,2.3,106.4,40.0,æœˆçƒè´¸æ˜“ç«™,æœˆçƒè´¸æ˜“ç«™
Magnetic Field Generators:promo,4.0,95,38,2.0736842105263156,92.03157894736842,40.0,Magnetic Field Generators:promo,Magnetic Field Generators:promo
Personal Spacecruiser,4.0,10,4,2.2,87.3,40.0,ä¸ªäººå¤ªç©ºå·¡æ´‹èˆ°,ä¸ªäººå¤ªç©ºå·¡æ´‹èˆ°
Magnetic Field Generators:ares,4.0,437,172,2.116704805491991,94.99313501144165,39.36,Magnetic Field Generators:ares,Magnetic Field Generators:ares
Robot Pollinators,4.0,778,306,2.083547557840617,90.5668380462725,39.33,æœºå™¨æˆç²‰è€…,æœºå™¨æˆç²‰è€…
City Park,4.0,409,160,2.0464547677261615,98.45721271393643,39.12,City Park,City Park
Ryu,4.0,18,7,2.1666666666666665,81.55555555555556,38.89,æµ,æµ
Capital,4.0,188,73,2.0851063829787235,86.5372340425532,38.83,é¦–éƒ½,é¦–éƒ½
Ecological Zone,4.0,206,80,2.092233009708738,87.13106796116504,38.83,ç”Ÿæ€ä¿æŠ¤åŒº,ç”Ÿæ€ä¿æŠ¤åŒº
Aerosport Tournament,4.0,657,255,2.0882800608828007,95.41704718417047,38.81,èˆªç©ºè¿åŠ¨é”¦æ ‡èµ›,èˆªç©ºè¿åŠ¨é”¦æ ‡èµ›
Anti-Gravity Technology,4.0,1497,579,2.1442885771543088,93.14295257181028,38.68,åé‡åŠ›ç§‘æŠ€,åé‡åŠ›ç§‘æŠ€
Terraforming Ganymede,4.0,1194,461,2.092964824120603,94.59882747068677,38.61,æ”¹é€ æœ¨å«ä¸‰,æ”¹é€ æœ¨å«ä¸‰
Geologist Team,4.0,13,5,2.1538461538461537,87.6923076923077,38.46,åœ°è´¨å­¦å®¶å›¢é˜Ÿ,åœ°è´¨å­¦å®¶å›¢é˜Ÿ
Urgent Terraforming Command,4.0,684,263,2.057017543859649,89.80409356725146,38.45,ç´§æ€¥æ”¹é€ ä»¤,ç´§æ€¥æ”¹é€ ä»¤
å¥‡ç‰©ä¸°æ”¶,4.0,279,107,2.075268817204301,91.39426523297492,38.35,å¥‡ç‰©ä¸°æ”¶,å¥‡ç‰©ä¸°æ”¶
HE3 Refinery,4.0,21,8,2.1904761904761907,85.71428571428571,38.1,HE3ç²¾ç‚¼å‚,HE3ç²¾ç‚¼å‚
Imported Nitrogen,4.0,1479,562,2.134550371872887,90.447599729547,38.0,å¼•å…¥æ°®æ°”,å¼•å…¥æ°®æ°”
Deimos Down,4.0,37,14,2.108108108108108,74.21621621621621,37.84,ç«å«äºŒé™¨è½,ç«å«äºŒé™¨è½
Behold The Emperor! (III),4.0,74,28,2.1621621621621623,90.78378378378379,37.84,Behold The Emperor! (III),Behold The Emperor! (III)
Plant Tax,4.0,8,3,2.75,-87.625,37.5,æ¤ç‰©ç¨,æ¤ç‰©ç¨
Grey Market Exploitation,4.0,8,3,2.0,29.375,37.5,ç°å¸‚å‰¥å‰Š,ç°å¸‚å‰¥å‰Š
Lunar Industry Complex,4.0,8,3,2.375,105.875,37.5,æœˆçƒå·¥ä¸šå¤åˆä½“,æœˆçƒå·¥ä¸šå¤åˆä½“
Mass Converter,4.0,1531,574,2.186152841280209,90.29131286740693,37.49,è´¨èƒ½è½¬æ¢å™¨,è´¨èƒ½è½¬æ¢å™¨
Ecology Research,4.0,763,286,2.0982961992136304,94.31061598951507,37.48,ç”Ÿæ€å­¦ç ”ç©¶,ç”Ÿæ€å­¦ç ”ç©¶
Soil Enrichment,4.0,1304,488,2.1180981595092025,88.9340490797546,37.42,åœŸå£¤æ”¹è‰¯,åœŸå£¤æ”¹è‰¯
Herbivores,4.0,580,217,2.127586206896552,88.5844827586207,37.41,é£Ÿè‰åŠ¨ç‰©,é£Ÿè‰åŠ¨ç‰©
Earth Catapult,4.0,1792,668,2.1875,89.29241071428571,37.28,åœ°çƒå‘å°„ç«™,åœ°çƒå‘å°„ç«™
Venus Soils,4.0,462,172,2.1255411255411256,92.38311688311688,37.23,é‡‘æ˜ŸåœŸå£¤,é‡‘æ˜ŸåœŸå£¤
Crashlanding,4.0,157,58,2.089171974522293,91.89171974522293,36.94,ç´§æ€¥è¿«é™,ç´§æ€¥è¿«é™
Solarpedia,4.0,241,89,2.2697095435684647,92.96680497925311,36.93,å¤ªé˜³ç³»ç™¾ç§‘å…¨ä¹¦,å¤ªé˜³ç³»ç™¾ç§‘å…¨ä¹¦
Floating Refinery,4.0,1582,584,2.1738305941845764,88.87926675094816,36.92,æ¼‚æµ®ç²¾ç‚¼å‚,æ¼‚æµ®ç²¾ç‚¼å‚
Designed Organisms,4.0,1116,412,2.118279569892473,92.69802867383513,36.92,ç”Ÿç‰©ä½“è®¾è®¡,ç”Ÿç‰©ä½“è®¾è®¡
Nitrogen-Rich Asteroid,4.0,753,278,2.1567065073041167,90.35989375830013,36.92,å¯Œæ°®å°è¡Œæ˜Ÿ,å¯Œæ°®å°è¡Œæ˜Ÿ
Vote Of No Confidence,4.0,244,90,2.2131147540983607,85.09426229508196,36.89,ä¸ä¿¡ä»»ç¥¨,ä¸ä¿¡ä»»ç¥¨
Titan Manufacturing Colony,4.0,19,7,2.210526315789474,94.94736842105263,36.84,é’›åˆ¶é€ æ®–æ°‘åœ°,é’›åˆ¶é€ æ®–æ°‘åœ°
An Offer You Can't Refuse,4.0,95,35,2.1578947368421053,85.21052631578948,36.84,ä¸€ä¸ªæ— æ³•æ‹’ç»çš„æ¡ä»¶,ä¸€ä¸ªæ— æ³•æ‹’ç»çš„æ¡ä»¶
Clone Technology,4.0,934,344,2.140256959314775,91.4304068522484,36.83,å…‹éš†ç§‘æŠ€,å…‹éš†ç§‘æŠ€
Worms,4.0,773,284,2.152652005174644,88.04398447606727,36.74,è •è™«,è •è™«
Forest Moon (VI),4.0,292,107,2.1027397260273974,90.90753424657534,36.64,Forest Moon (VI),Forest Moon (VI)
Lake Marineris,4.0,437,160,2.070938215102975,89.91075514874142,36.61,æ°´æ‰‹æ¹–,æ°´æ‰‹æ¹–
Oscar,4.0,11,4,2.1818181818181817,82.36363636363636,36.36,å¥¥æ–¯å¡,å¥¥æ–¯å¡
Petra,4.0,11,4,2.1818181818181817,80.81818181818181,36.36,ä½©ç‰¹æ‹‰,ä½©ç‰¹æ‹‰
HE3 Fusion Plant,4.0,11,4,2.0,3.8181818181818183,36.36,HE3èšå˜èƒ½å‘ç”µç«™,HE3èšå˜èƒ½å‘ç”µç«™
Geoscan Satellite,4.0,11,4,2.090909090909091,42.45454545454545,36.36,åœ°è´¨æ‰«æå«æ˜Ÿ,åœ°è´¨æ‰«æå«æ˜Ÿ
Geological Survey:underworld,4.0,11,4,2.3636363636363638,88.0,36.36,åœ°è´¨è°ƒæŸ¥,åœ°è´¨è°ƒæŸ¥
Server Sabotage,4.0,11,4,2.4545454545454546,80.27272727272727,36.36,æœåŠ¡å™¨ç ´å,æœåŠ¡å™¨ç ´å
Nanofoundry,4.0,520,189,2.1538461538461537,94.40192307692308,36.35,çº³ç±³é“¸é€ å‚,çº³ç±³é“¸é€ å‚
Ocean Sanctuary,4.0,1464,531,2.1598360655737703,89.24658469945355,36.27,æµ·è±š,æµ·è±š
Public Spaceline,4.0,1159,420,2.1924072476272647,90.41501294219154,36.24,å…¬å…±å¤ªç©ºèˆªçº¿,å…¬å…±å¤ªç©ºèˆªçº¿
Maxwell Base,4.0,966,350,2.148033126293996,94.0776397515528,36.23,éº¦å…‹æ–¯éŸ¦åŸºåœ°,éº¦å…‹æ–¯éŸ¦åŸºåœ°
Floater-Urbanism,4.0,820,297,2.203658536585366,90.8719512195122,36.22,æ–½éŸ¦ä¼¯åŸå¸‚è§„åˆ’,æ–½éŸ¦ä¼¯åŸå¸‚è§„åˆ’
Meat Industry,4.0,1539,556,2.2131254061078622,90.21312540610786,36.13,è‚‰ç±»å·¥ä¸š,è‚‰ç±»å·¥ä¸š
Luxury Estate,4.0,1005,363,2.1731343283582087,91.00597014925373,36.12,è±ªååˆ«å¢…,è±ªååˆ«å¢…
Magnetic Shield,4.0,795,287,2.2062893081761006,92.85534591194968,36.1,ç£å±,ç£å±
Ecological Zone:ares,4.0,1444,521,2.153047091412742,89.35110803324099,36.08,Ecological Zone:ares,Ecological Zone:ares
Venus Shuttles,4.0,971,350,2.216271884654995,89.5015447991761,36.05,é‡‘æ˜Ÿç©¿æ¢­æœº,é‡‘æ˜Ÿç©¿æ¢­æœº
Red City,4.0,555,200,2.1873873873873872,88.36396396396397,36.04,çº¢åŸ,çº¢åŸ
Red Tourism Wave,4.0,808,291,2.1732673267326734,88.50371287128714,36.01,çº¢è‰²æ—…æ¸¸é£æ½®,çº¢è‰²æ—…æ¸¸é£æ½®
Venera Base,4.0,886,319,2.1433408577878104,91.51467268623024,36.0,é‡‘æ˜ŸåŸºåœ°,é‡‘æ˜ŸåŸºåœ°
Lunar Embassy,4.0,1004,361,2.204183266932271,89.7410358565737,35.96,æœˆçƒå¤§ä½¿é¦†,æœˆçƒå¤§ä½¿é¦†
Mining Rights,4.0,270,97,2.259259259259259,83.7,35.93,é‡‡çŸ¿æƒ,é‡‡çŸ¿æƒ
Diaspora Movement,4.0,1131,406,2.1839080459770117,89.88594164456234,35.9,å¤§æµæ•£è¿åŠ¨,å¤§æµæ•£è¿åŠ¨
Kaguya Tech,4.0,1372,492,2.1669096209912535,89.31851311953353,35.86,è¾‰å¤œç§‘æŠ€,è¾‰å¤œç§‘æŠ€
Hydrogen to Venus,4.0,946,339,2.1966173361522197,89.8678646934461,35.84,è¾“é€æ°¢æ°”åˆ°é‡‘æ˜Ÿ,è¾“é€æ°¢æ°”åˆ°é‡‘æ˜Ÿ
Open City,4.0,900,322,2.147777777777778,89.75555555555556,35.78,å¼€æ”¾çš„åŸå¸‚,å¼€æ”¾çš„åŸå¸‚
AntiGravity Experiment,4.0,1248,446,2.1963141025641026,92.49599358974359,35.74,åé‡åŠ›å…ˆè¡Œè¯•éªŒ,åé‡åŠ›å…ˆè¡Œè¯•éªŒ
Hired Raiders:u,4.0,14,5,2.0714285714285716,51.0,35.71,é›‡ä½£è¢­å‡»è€…,é›‡ä½£è¢­å‡»è€…
ğŸŒ¸ç´§æ€¥å›æ”¶ç«™ğŸŒ¸,4.0,378,135,2.195767195767196,82.75132275132275,35.71,ğŸŒ¸ç´§æ€¥å›æ”¶ç«™ğŸŒ¸,ç´§æ€¥å›æ”¶ç«™
Deepnuking,4.0,14,5,2.2857142857142856,80.57142857142857,35.71,æ·±å±‚æ ¸çˆ†,æ·±å±‚æ ¸çˆ†
Freyja Biodomes,4.0,1012,361,2.1294466403162056,94.2292490118577,35.67,å¼—é›·é›…ç”Ÿæ€é¦†,å¼—é›·é›…ç”Ÿæ€é¦†
Envoys From Venus,4.0,1040,371,2.1971153846153846,88.47115384615384,35.67,é‡‘æ˜Ÿæ¥ä½¿,é‡‘æ˜Ÿæ¥ä½¿
Friends in High Places,4.0,115,41,2.2869565217391306,66.63478260869566,35.65,é«˜å±‚äººè„‰,é«˜å±‚äººè„‰
Ocean Farm,4.0,993,354,2.1953675730110773,87.59718026183283,35.65,æµ·æ´‹å†œåœº,æµ·æ´‹å†œåœº
Gyropolis,4.0,805,287,2.160248447204969,92.48819875776398,35.65,æ—‹è½¬éƒ½ä¼š,æ—‹è½¬éƒ½ä¼š
Martian Lumber Corp,4.0,1007,359,2.159880834160874,88.35849056603773,35.65,ç«æ˜Ÿæœ¨æå…¬å¸,ç«æ˜Ÿæœ¨æå…¬å¸
Solar Logistics,4.0,887,316,2.2119503945885004,90.78466741826381,35.63,å¤ªé˜³èƒ½ç‰©æµ,å¤ªé˜³èƒ½ç‰©æµ
Large Ecological Reserve,4.0,904,322,2.1537610619469025,89.76991150442478,35.62,å¤§å‹ç”Ÿæ€ä¿æŠ¤åŒº,å¤§å‹ç”Ÿæ€ä¿æŠ¤åŒº
Martian Culture,4.0,528,188,2.212121212121212,92.88068181818181,35.61,ç«æ˜Ÿæ–‡åŒ–,ç«æ˜Ÿæ–‡åŒ–
Bactoviral Research,4.0,1413,503,2.1861288039631988,91.37438075017693,35.6,ç»†èŒç—…æ¯’ç ”ç©¶,ç»†èŒç—…æ¯’ç ”ç©¶
Trade Embargo (I),4.0,149,53,2.261744966442953,89.1006711409396,35.57,Trade Embargo (I),Trade Embargo (I)
Export Convoy,4.0,90,32,2.2666666666666666,66.83333333333333,35.56,å‡ºå£èˆ¹é˜Ÿ,å‡ºå£èˆ¹é˜Ÿ
Special Design,4.0,577,205,2.1802426343154244,90.51126516464471,35.53,ç‰¹åˆ«æ„æ€,ç‰¹åˆ«æ„æ€
Venus Governor,4.0,1614,573,2.2298636926889714,87.88104089219331,35.5,é‡‘æ˜Ÿæ€»ç£,é‡‘æ˜Ÿæ€»ç£
Insects,4.0,910,323,2.096703296703297,90.28791208791209,35.49,æ˜†è™«,æ˜†è™«
Aqueduct Systems,4.0,1255,445,2.209561752988048,89.29083665338645,35.46,å¯¼æ°´ç³»ç»Ÿ,å¯¼æ°´ç³»ç»Ÿ
Vermin,4.0,189,67,2.2063492063492065,85.5925925925926,35.45,å®³å…½,å®³å…½
Metallic Asteroid,4.0,1479,524,2.1724137931034484,86.16430020283975,35.43,é‡‘å±é™¨çŸ³,é‡‘å±é™¨çŸ³
Frontier Town,4.0,1053,373,2.1652421652421654,87.37416904083571,35.42,è¾¹ç–†å°é•‡,è¾¹ç–†å°é•‡
Trees,4.0,884,313,2.18552036199095,88.61877828054298,35.41,æ ‘,æ ‘
Eos Chasma National Park,4.0,1259,445,2.177918983320095,89.07069102462272,35.35,Eos å³¡è°·å›½å®¶å…¬å›­,Eos å³¡è°·å›½å®¶å…¬å›­
Mangrove,4.0,1327,469,2.1446872645064055,88.88319517709118,35.34,çº¢æ ‘æ—,çº¢æ ‘æ—
Interstellar Colony Ship,4.0,1043,368,2.2540747842761264,90.52540747842761,35.28,æ˜Ÿé™…æ®–æ°‘é£èˆ¹,æ˜Ÿé™…æ®–æ°‘é£èˆ¹
Space Wargames,4.0,922,325,2.2234273318872018,90.71366594360087,35.25,å¤ªç©ºæˆ˜äº‰æ¸¸æˆ,å¤ªç©ºæˆ˜äº‰æ¸¸æˆ
Restricted Area,4.0,278,98,2.1870503597122304,85.70503597122303,35.25,ç®¡åˆ¶åŒº,ç®¡åˆ¶åŒº
Venus Allies,4.0,1249,440,2.186549239391513,91.37309847878302,35.23,é‡‘æ˜Ÿç›Ÿå‹,é‡‘æ˜Ÿç›Ÿå‹
Ishtar Expedition,4.0,1771,624,2.2049689440993787,88.87012987012987,35.23,ä¼Šä»€å¡”å°”è¿œå¾,ä¼Šä»€å¡”å°”è¿œå¾
Venusian Plants,4.0,934,329,2.1531049250535332,92.6745182012848,35.22,é‡‘æ˜Ÿæ¤ç‰©,é‡‘æ˜Ÿæ¤ç‰©
Bushes,4.0,957,337,2.19226750261233,86.99373040752351,35.21,èŠ±ä¸›,èŠ±ä¸›
Harvest,4.0,1368,481,2.14546783625731,88.70029239766082,35.16,ä¸°æ”¶,ä¸°æ”¶
Deimos Down:promo,4.0,185,65,2.2162162162162162,81.25405405405405,35.14,Deimos Down:promo,Deimos Down:promo
Greenhouses,4.0,1820,639,2.175274725274725,87.54230769230769,35.11,æ¸©å®¤,æ¸©å®¤
Atmoscoop,4.0,1509,529,2.183565275016567,89.15241882041087,35.06,å¤§æ°”æŸç¼šåœº,å¤§æ°”æŸç¼šåœº
Preliminary Darkside,4.0,20,7,2.5,101.15,35.0,æš—é¢åˆæ­¥å‹˜æ¢,æš—é¢åˆæ­¥å‹˜æ¢
Martian Express,4.0,475,166,2.1557894736842105,89.78736842105263,34.95,ç«æ˜Ÿç‰¹å¿«,ç«æ˜Ÿç‰¹å¿«
Deimos Down:ares,4.0,1163,406,2.1943250214961307,83.98194325021497,34.91,Deimos Down:ares,Deimos Down:ares
Venusian Animals,4.0,1670,582,2.2083832335329343,91.38203592814371,34.85,é‡‘æ˜ŸåŠ¨ç‰©,é‡‘æ˜ŸåŠ¨ç‰©
We Grow As One,4.0,46,16,2.1956521739130435,91.47826086956522,34.78,æˆ‘ä»¬ä¸€èµ·æˆé•¿,æˆ‘ä»¬ä¸€èµ·æˆé•¿
Artificial Lake,4.0,518,180,2.22972972972973,88.55791505791505,34.75,äººå·¥æ¹–,äººå·¥æ¹–
Nitrophilic Moss,4.0,628,218,2.232484076433121,84.85668789808918,34.71,å—œä¸­æ€§è‹”è—“,å—œä¸­æ€§è‹”è—“
Impactor Swarm,4.0,784,272,2.2066326530612246,89.65306122448979,34.69,å†²å‡»è™«ç¾¤,å†²å‡»è™«ç¾¤
Landfill,4.0,127,44,2.2283464566929134,83.75590551181102,34.65,åƒåœ¾å¡«åŸ‹åœº,åƒåœ¾å¡«åŸ‹åœº
Ironworks,4.0,127,44,2.3149606299212597,83.5984251968504,34.65,ç‚¼é“å‚,ç‚¼é“å‚
Space Port,4.0,1028,356,2.254863813229572,89.87937743190662,34.63,å¤ªç©ºæ¸¯,å¤ªç©ºæ¸¯
Breeding Farms,4.0,578,200,2.2197231833910034,91.50519031141869,34.6,å…»æ®–å†œåœº,å…»æ®–å†œåœº
Desperate Measures,4.0,269,93,2.2156133828996283,79.42379182156134,34.57,ç»æœ›æªæ–½,ç»æœ›æªæ–½
Protected Growth,4.0,327,113,2.253822629969419,79.71865443425077,34.56,å—ä¿æŠ¤çš„ç”Ÿé•¿,å—ä¿æŠ¤çš„ç”Ÿé•¿
Cultural Metropolis,4.0,709,245,2.214386459802539,87.98730606488012,34.56,å¤šå…ƒåŒ–éƒ½å¸‚,å¤šå…ƒåŒ–éƒ½å¸‚
Molecular Printing,4.0,1733,599,2.2146566647432198,87.75591459896134,34.56,åˆ†å­æ‰“å°,åˆ†å­æ‰“å°
Capital:ares,4.0,825,285,2.1818181818181817,89.12727272727273,34.55,Capital:ares,Capital:ares
Birds,4.0,820,283,2.2134146341463414,89.31341463414634,34.51,é¸Ÿ,é¸Ÿ
Terraforming Robots,4.0,626,216,2.2252396166134187,93.1964856230032,34.5,æ”¹é€ æœºå™¨äºº,æ”¹é€ æœºå™¨äºº
Ganymede Colony,4.0,1560,538,2.210897435897436,90.14358974358974,34.49,æœ¨å«ä¸‰æ®–æ°‘åœ°,æœ¨å«ä¸‰æ®–æ°‘åœ°
Venus Magnetizer,4.0,647,223,2.1978361669242656,89.3693972179289,34.47,é‡‘æ˜Ÿç£åŒ–å™¨,é‡‘æ˜Ÿç£åŒ–å™¨
Urbanized Area,4.0,801,276,2.218476903870162,89.95505617977528,34.46,åŸå¸‚åŒ–åŒºåŸŸ,åŸå¸‚åŒ–åŒºåŸŸ
Sulphur-Eating Bacteria,4.0,2104,723,2.23574144486692,86.27661596958175,34.36,ç¡«ç£ºåå™¬èŒ,ç¡«ç£ºåå™¬èŒ
Tundra Farming,4.0,798,274,2.1679197994987467,90.9047619047619,34.34,å†»åŸå†œè€•,å†»åŸå†œè€•
Controlled Bloom,4.0,1343,461,2.220402084884587,87.11317944899479,34.33,çˆ†ç ´æ§åˆ¶,çˆ†ç ´æ§åˆ¶
Imported Nutrients,4.0,1536,527,2.2037760416666665,87.81966145833333,34.31,è¥å…»ç‰©è¾“å…¥,è¥å…»ç‰©è¾“å…¥
Red Spot Observatory,4.0,1756,602,2.271640091116173,88.57061503416857,34.28,çº¢æ–‘å®éªŒå®¤,çº¢æ–‘å®éªŒå®¤
Cyanobacteria,4.0,1215,416,2.209053497942387,88.59835390946502,34.24,è“è—»èŒ,è“è—»èŒ
Martian Monuments,4.0,222,76,2.225225225225225,92.97747747747748,34.23,ç«æ˜Ÿçºªå¿µç¢‘,ç«æ˜Ÿçºªå¿µç¢‘
Public Celebrations,4.0,465,159,2.243010752688172,86.69677419354839,34.19,å…¬å¼€åº†å…¸,å…¬å¼€åº†å…¸
Astra Mechanica,4.0,1750,598,2.230857142857143,86.96457142857143,34.17,æ˜Ÿæ¢°ä¼š,æ˜Ÿæ¢°ä¼š
Luna Governor,4.0,1338,457,2.2787742899850523,86.87593423019432,34.16,æœˆçƒæ”¿åºœ,æœˆçƒæ”¿åºœ
Cloud City (V),4.0,1164,397,2.2551546391752577,86.96134020618557,34.11,Cloud City (V),Cloud City (V)
Natural Preserve,4.0,179,61,2.2513966480446927,83.74860335195531,34.08,è‡ªç„¶ä¿æŠ¤åŒº,è‡ªç„¶ä¿æŠ¤åŒº
Soil Detoxification,4.0,1019,347,2.2070657507360156,85.89303238469087,34.05,åœŸå£¤å‡€åŒ–,åœŸå£¤å‡€åŒ–
Advanced Ecosystems,4.0,1395,475,2.2129032258064516,89.70609318996416,34.05,å…ˆè¿›çš„ç”Ÿæ€ç³»ç»Ÿ,å…ˆè¿›çš„ç”Ÿæ€ç³»ç»Ÿ
Respiration Enhance,4.0,993,338,2.280966767371601,88.10976837865056,34.04,å‘¼å¸ä½œç”¨å¢å¼º,å‘¼å¸ä½œç”¨å¢å¼º
Biobatteries,4.0,97,33,2.2783505154639174,84.50515463917526,34.02,ç”Ÿç‰©ç”µæ± ,ç”Ÿç‰©ç”µæ± 
Plant Smuggling,4.0,1132,385,2.2385159010600706,86.71378091872792,34.01,æ¤ç‰©èµ°ç§é›†å›¢,æ¤ç‰©èµ°ç§é›†å›¢
Fish,4.0,941,320,2.199787460148778,88.54941551540914,34.01,é±¼,é±¼
Communication Center,4.0,633,215,2.309636650868878,88.18009478672985,33.97,é€šè®¯ä¸­å¿ƒ,é€šè®¯ä¸­å¿ƒ
Voltaic Metallurgy,4.0,654,222,2.3134556574923546,89.47094801223241,33.94,ä¼æ‰“å†¶é‡‘,ä¼æ‰“å†¶é‡‘
Kelp Farming,4.0,1218,413,2.233169129720854,86.74466338259441,33.91,å…»æ®–æµ·è—»,å…»æ®–æµ·è—»
Small Animals,4.0,747,253,2.2289156626506026,87.11646586345381,33.87,å°åŠ¨ç‰©,å°åŠ¨ç‰©
Special Permit,4.0,493,167,2.2413793103448274,85.46247464503043,33.87,ç‰¹åˆ«è®¸å¯,ç‰¹åˆ«è®¸å¯
Expedition to the Surface - Venus,4.0,1326,449,2.2428355957767723,87.78733031674209,33.86,é‡‘æ˜Ÿè¡¨é¢æ¢é™©,é‡‘æ˜Ÿè¡¨é¢æ¢é™©
Io Sulphur Research,4.0,1631,552,2.308399754751686,88.39975475168609,33.84,æœ¨å«ä¸€çš„ç¡«ç£ºç ”ç©¶,æœ¨å«ä¸€çš„ç¡«ç£ºç ”ç©¶
Quantum Extractor,4.0,1463,495,2.312371838687628,87.66302118933697,33.83,é‡å­æå–,é‡å­æå–
Lunar Mining,4.0,998,337,2.3336673346693386,87.90681362725451,33.77,æœˆçƒæŒ–æ˜,æœˆçƒæŒ–æ˜
Imported Hydrogen,4.0,1698,573,2.256183745583039,86.04240282685512,33.75,å¤–éƒ¨æ³¨å…¥æ°¢æ°”,å¤–éƒ¨æ³¨å…¥æ°¢æ°”
Cartel,4.0,1147,387,2.334786399302528,86.8360941586748,33.74,åŒä¸šè”ç›Ÿ,åŒä¸šè”ç›Ÿ
Local Heat Trapping,4.0,1112,375,2.198741007194245,87.27607913669065,33.72,æœ¬åœ°çš„çƒ­é‡é™·é˜±,æœ¬åœ°çš„çƒ­é‡é™·é˜±
Venusian Insects,4.0,1873,631,2.2835024025627337,87.58302189001601,33.69,é‡‘æ˜Ÿæ˜†è™«,é‡‘æ˜Ÿæ˜†è™«
Colonial Envoys,4.0,380,128,2.223684210526316,87.25526315789473,33.68,æ®–æ°‘ç‰¹ä½¿,æ®–æ°‘ç‰¹ä½¿
Methane From Titan,4.0,671,226,2.1997019374068554,91.02384500745157,33.68,æ¥è‡ªæ³°å¦çš„ç”²çƒ·,æ¥è‡ªæ³°å¦çš„ç”²çƒ·
WG Project,4.0,1045,352,2.243062200956938,86.88995215311004,33.68,WG é¡¹ç›®,WG é¡¹ç›®
Water Import From Europa,4.0,1342,452,2.237704918032787,91.16691505216096,33.68,ä»æ¬§ç½—å·´(æœ¨å«äºŒ)æ³¨å…¥æ°´æº,ä»æ¬§ç½—å·´(æœ¨å«äºŒ)æ³¨å…¥æ°´æº
Bio-Fertilizer Facility,4.0,1518,511,2.218050065876153,86.38076416337286,33.66,è‚¥æ–™å·¥å‚,è‚¥æ–™å·¥å‚
Microgravity Nutrition,4.0,681,229,2.2452276064610865,89.79148311306902,33.63,å¾®é‡åŠ›è¥å…»å­¦,å¾®é‡åŠ›è¥å…»å­¦
Martian Nature Wonders,4.0,946,318,2.211416490486258,90.223044397463,33.62,ç«æ˜Ÿè‡ªç„¶é—äº§,ç«æ˜Ÿè‡ªç„¶é—äº§
Sub-zero Salt Fish,4.0,580,195,2.2155172413793105,90.57758620689656,33.62,é›¶ä¸‹å’¸é±¼,é›¶ä¸‹å’¸é±¼
Energy Market,4.0,1616,543,2.235148514851485,87.13923267326733,33.6,èƒ½æºå¸‚åœº,èƒ½æºå¸‚åœº
Industrial Center:ares,4.0,1352,454,2.2322485207100593,86.8905325443787,33.58,Industrial Center:ares,Industrial Center:ares
Crash Site Cleanup,4.0,992,333,2.2076612903225805,88.8024193548387,33.57,é™¨çŸ³å‘æ¸…æ´,é™¨çŸ³å‘æ¸…æ´
Farming,4.0,846,284,2.16903073286052,89.2872340425532,33.57,å†œä¸š,å†œä¸š
Equatorial Magnetizer,4.0,280,94,2.3035714285714284,86.06428571428572,33.57,èµ¤é“å¯¼ç£ä½“,èµ¤é“å¯¼ç£ä½“
Cultivation of Venus,4.0,936,314,2.1891025641025643,90.75854700854701,33.55,é‡‘æ˜Ÿè‚²ç§,é‡‘æ˜Ÿè‚²ç§
Jovian Lanterns,4.0,793,266,2.2559899117276165,91.39344262295081,33.54,æœ¨æ˜Ÿç¯,æœ¨æ˜Ÿç¯
Sister Planet Support,4.0,1503,504,2.2847638057218895,86.90286094477712,33.53,å§Šå¦¹æ˜Ÿçƒæ”¯æŒ,å§Šå¦¹æ˜Ÿçƒæ”¯æŒ
Political Alliance,4.0,498,167,2.2751004016064256,87.37951807228916,33.53,æ”¿æ²»ç»“ç›Ÿ,æ”¿æ²»ç»“ç›Ÿ
L1 Trade Terminal,4.0,1041,349,2.2564841498559076,90.64457252641691,33.53,L1 è´¸æ˜“ç»ˆç«¯,L1 è´¸æ˜“ç»ˆç«¯
Soil Studies,4.0,1029,345,2.184645286686103,87.10981535471332,33.53,åœŸå£¤ç ”ç©¶,åœŸå£¤ç ”ç©¶
Secret Labs,4.0,1351,453,2.2590673575129534,88.35159141376758,33.53,ç§˜å¯†å®éªŒå®¤,ç§˜å¯†å®éªŒå®¤
Mining Area:ares,4.0,1280,429,2.26015625,86.41796875,33.52,Mining Area:ares,Mining Area:ares
Neutralizer Factory,4.0,1367,458,2.2772494513533283,88.39502560351134,33.5,ä¸­å’Œå‰‚å·¥å‚,ä¸­å’Œå‰‚å·¥å‚
Large Convoy,4.0,1559,522,2.187299550994227,90.25721616420782,33.48,å¤§å‹æŠ¤èˆªé˜Ÿ,å¤§å‹æŠ¤èˆªé˜Ÿ
Warp Drive,4.0,1542,516,2.2892347600518805,89.29118028534371,33.46,æ›²ç‡å¼•æ“,æ›²ç‡å¼•æ“
Starcore Mining,4.0,1745,583,2.3088825214899713,87.07106017191977,33.41,æ˜Ÿæ ¸å¼€é‡‡,æ˜Ÿæ ¸å¼€é‡‡
Venus Trade Hub,4.0,1439,480,2.2550382209867963,88.43085476025017,33.36,é‡‘æ˜Ÿè´¸æ˜“ä¸­å¿ƒ,é‡‘æ˜Ÿè´¸æ˜“ä¸­å¿ƒ
Jansson,4.0,6,2,2.3333333333333335,73.66666666666667,33.33,è©¹æ£®,è©¹æ£®
Microgravimetry,4.0,12,4,2.1666666666666665,99.5,33.33,å¾®é‡åŠ›æµ‹é‡,å¾®é‡åŠ›æµ‹é‡
Darkside Smugglers' Union,4.0,18,6,2.2777777777777777,119.27777777777777,33.33,Darkside Smugglers' Union,Darkside Smugglers' Union
Colonist Shuttles,4.0,3,1,3.0,-70.0,33.33,æ®–æ°‘è€…ç©¿æ¢­æœº,æ®–æ°‘è€…ç©¿æ¢­æœº
Teslaract,4.0,336,112,2.238095238095238,89.50595238095238,33.33,æ³°æ–¯æ‹‰ç«‹æ–¹ä½“,æ³°æ–¯æ‹‰ç«‹æ–¹ä½“
Old World Mafia,4.0,6,2,2.8333333333333335,78.83333333333333,33.33,æ—§ä¸–ç•Œé»‘æ‰‹å…š,æ—§ä¸–ç•Œé»‘æ‰‹å…š
Underground Shelters,4.0,9,3,2.3333333333333335,90.55555555555556,33.33,åœ°ä¸‹é¿éš¾æ‰€,åœ°ä¸‹é¿éš¾æ‰€
Luna Resort,4.0,6,2,2.3333333333333335,114.33333333333333,33.33,æœˆçƒåº¦å‡åŒº,æœˆçƒåº¦å‡åŒº
Urban Decomposers,4.0,864,288,2.2268518518518516,90.74537037037037,33.33,éƒ½å¸‚åˆ†è§£è€…,éƒ½å¸‚åˆ†è§£è€…
Hypersensitive Silicon Chip Factory,4.0,3,1,2.3333333333333335,91.0,33.33,è¶…æ•æ„Ÿç¡…èŠ¯ç‰‡å·¥å‚,è¶…æ•æ„Ÿç¡…èŠ¯ç‰‡å·¥å‚
Neutrinograph,4.0,12,4,2.25,89.75,33.33,ä¸­å¾®å­æˆåƒ,ä¸­å¾®å­æˆåƒ
HE3 Production Quotas,4.0,3,1,2.6666666666666665,81.33333333333333,33.33,HE3äº§èƒ½é…é¢,HE3äº§èƒ½é…é¢
Corporate Blackmail,4.0,3,1,2.3333333333333335,98.33333333333333,33.33,ä¼ä¸šæ•²è¯ˆ,ä¼ä¸šæ•²è¯ˆ
Volunteer Mining Initiative,4.0,9,3,2.4444444444444446,-57.55555555555556,33.33,å¿—æ„¿é‡‡çŸ¿å€¡è®®,å¿—æ„¿é‡‡çŸ¿å€¡è®®
Soil Export,4.0,21,7,2.238095238095238,31.285714285714285,33.33,åœŸå£¤å‡ºå£,åœŸå£¤å‡ºå£
AI Controlled Mine Network,4.0,15,5,2.2666666666666666,106.13333333333334,33.33,AIæ§åˆ¶é‡‡çŸ¿ç½‘ç»œ,AIæ§åˆ¶é‡‡çŸ¿ç½‘ç»œ
Stem Field Subsidies,4.0,12,4,2.5833333333333335,81.33333333333333,33.33,STEMé¢†åŸŸè¡¥è´´,STEMé¢†åŸŸè¡¥è´´
Mercenary Squad,4.0,3,1,2.3333333333333335,-94.66666666666667,33.33,é›‡ä½£å…µå°é˜Ÿ,é›‡ä½£å…µå°é˜Ÿ
Ender,4.0,9,3,2.2222222222222223,103.44444444444444,33.33,å®‰å¾·,å®‰å¾·
Musk,4.0,15,5,2.2,84.86666666666666,33.33,é©¬æ–¯å…‹,é©¬æ–¯å…‹
Mare Nubium Mine,4.0,12,4,2.3333333333333335,97.16666666666667,33.33,äº‘æµ·çŸ¿å±±,äº‘æµ·çŸ¿å±±
Excavator Leasing,4.0,15,5,2.1333333333333333,85.26666666666667,33.33,æŒ–æ˜æœºç§Ÿèµ,æŒ–æ˜æœºç§Ÿèµ
Earth Office,4.0,1846,615,2.271397616468039,86.71722643553629,33.32,åœ°çƒåŠå…¬å®¤,åœ°çƒåŠå…¬å®¤
Media Group,4.0,1814,604,2.2800441014332966,84.91786108048511,33.3,åª’ä½“å›¢é˜Ÿ,åª’ä½“å›¢é˜Ÿ
Zeppelins,4.0,445,148,2.3258426966292136,88.37303370786516,33.26,é½æŸæ—é£è‰‡,é½æŸæ—é£è‰‡
Geological Expedition,4.0,1079,358,2.278962001853568,89.8563484708063,33.18,åœ°è´¨æ¢é™©,åœ°è´¨æ¢é™©
Red Ships,4.0,1701,564,2.270429159318048,85.81011169900059,33.16,çº¢è‰²èˆ°é˜Ÿ,çº¢è‰²èˆ°é˜Ÿ
Darkside Incubation Plant,4.0,178,59,2.2865168539325844,86.56179775280899,33.15,æš—é¢å­µåŒ–è®¾æ–½,æš—é¢å­µåŒ–è®¾æ–½
Industrial Center,4.0,172,57,2.354651162790698,80.3313953488372,33.14,å·¥ä¸šä¸­å¿ƒ,å·¥ä¸šä¸­å¿ƒ
Hay Maker,4.0,761,252,2.202365308804205,82.77792378449409,33.11,ç‚æ‹³,ç‚æ‹³
Sulphur Exports,4.0,985,326,2.2893401015228427,87.78375634517766,33.1,ç¡«ç£ºå‡ºå£è´¸æ˜“,ç¡«ç£ºå‡ºå£è´¸æ˜“
Commercial District,4.0,221,73,2.253393665158371,85.57918552036199,33.03,å•†ä¸šåŒº,å•†ä¸šåŒº
GHG Import From Venus,4.0,430,142,2.3232558139534882,88.24651162790698,33.02,ä»é‡‘æ˜Ÿå¯¼å…¥æ¸©å®¤æ°”ä½“,ä»é‡‘æ˜Ÿå¯¼å…¥æ¸©å®¤æ°”ä½“
Asteroid Resources,4.0,857,283,2.2252042007001167,86.9708284714119,33.02,å°è¡Œæ˜Ÿèµ„æº,å°è¡Œæ˜Ÿèµ„æº
Sky Docks,4.0,1755,579,2.3116809116809116,86.92307692307692,32.99,å¤ªç©ºç å¤´,å¤ªç©ºç å¤´
Refugee Camps,4.0,688,227,2.306686046511628,86.13081395348837,32.99,éš¾æ°‘è¥,éš¾æ°‘è¥
Fueled Generators,4.0,1153,380,2.303555941023417,86.683434518647,32.96,ç‡ƒæ–™å‘åŠ¨æœº,ç‡ƒæ–™å‘åŠ¨æœº
Interplanetary Alliance,4.0,1663,548,2.274804570054119,88.29464822609741,32.95,æ˜Ÿé™…è”é‚¦,æ˜Ÿé™…è”é‚¦
Ocean City,4.0,1208,398,2.2110927152317883,88.79221854304636,32.95,æµ·æ´‹åŸå¸‚,æµ·æ´‹åŸå¸‚
Towing A Comet,4.0,1038,342,2.2321772639691715,83.67822736030828,32.95,ç‰µå¼•å½—æ˜Ÿ,ç‰µå¼•å½—æ˜Ÿ
Whales,4.0,340,112,2.3,94.82352941176471,32.94,é²¸é±¼,é²¸é±¼
Pollinators,4.0,422,139,2.2606635071090047,91.37203791469194,32.94,æˆç²‰è€…,æˆç²‰è€…
Research Outpost,4.0,1965,647,2.268702290076336,85.53384223918574,32.93,ç§‘ç ”å‰å“¨ç«™,ç§‘ç ”å‰å“¨ç«™
Expedition Vehicles,4.0,802,264,2.306733167082294,90.51745635910224,32.92,è¿œå¾è½¦,è¿œå¾è½¦
Ozone Generators,4.0,149,49,2.3691275167785233,94.24161073825503,32.89,è‡­æ°§ç”Ÿæˆå™¨,è‡­æ°§ç”Ÿæˆå™¨
Media Archives,4.0,1761,579,2.2844974446337307,85.97728563316298,32.88,å¤šåª’ä½“æ¡£æ¡ˆåº“,å¤šåª’ä½“æ¡£æ¡ˆåº“
Solar Farm,4.0,1123,369,2.27426536064114,84.81389136242208,32.86,å¤ªé˜³èƒ½å†œåœº,å¤ªé˜³èƒ½å†œåœº
GMO Contract,4.0,1617,531,2.256648113790971,85.89239332096474,32.84,è½¬åŸºå› ç”Ÿç‰©åˆçº¦,è½¬åŸºå› ç”Ÿç‰©åˆçº¦
Bioengineering Enclosure,4.0,609,200,2.2676518883415433,91.42528735632185,32.84,ç”Ÿç‰©å·¥ç¨‹ç»„ä»¶,ç”Ÿç‰©å·¥ç¨‹ç»„ä»¶
Takonda Castle (VII),4.0,862,283,2.2088167053364267,86.72041763341068,32.83,Takonda Castle (VII),Takonda Castle (VII)
Space Monster Park,4.0,1545,507,2.3572815533980584,86.81747572815534,32.82,å¤ªç©ºæ€ªå…½ä¹å›­,å¤ªç©ºæ€ªå…½ä¹å›­
Summit Logistics,4.0,1281,420,2.298985167837627,86.58782201405153,32.79,å³°ä¼šåå‹¤,å³°ä¼šåå‹¤
St. Joseph of Cupertino Mission,4.0,543,178,2.32780847145488,88.46777163904235,32.78,åº“æ¯”è’‚è¯ºåœ£çº¦ç‘Ÿå¤«ä¼ æ•™å›¢,åº“æ¯”è’‚è¯ºåœ£çº¦ç‘Ÿå¤«ä¼ æ•™å›¢
Specialized Settlement,4.0,1090,357,2.276146788990826,86.49174311926606,32.75,ä¸“ä¸šå®šå±…ç‚¹,ä¸“ä¸šå®šå±…ç‚¹
Ice Cap Melting,4.0,287,94,2.2195121951219514,86.45993031358886,32.75,å†°å·èåŒ–,å†°å·èåŒ–
Immigration Shuttles,4.0,739,242,2.286874154262517,89.15967523680649,32.75,ç§»æ°‘èˆªå¤©æœº,ç§»æ°‘èˆªå¤©æœº
Olympus Conference,4.0,2090,684,2.302870813397129,86.71961722488038,32.73,å¥¥æ—å·´æ–¯å³°ä¼š,å¥¥æ—å·´æ–¯å³°ä¼š
Interplanetary Transport,4.0,1067,349,2.2774133083411434,89.51640112464855,32.71,æ˜Ÿé™…è¿è¾“,æ˜Ÿé™…è¿è¾“
Cloud Tourism,4.0,1454,475,2.262723521320495,89.15061898211829,32.67,äº‘ç«¯æ—…æ¸¸,äº‘ç«¯æ—…æ¸¸
Spin-off Department,4.0,1544,504,2.319948186528497,86.2428756476684,32.64,å‰¯äº§å“éƒ¨é—¨,å‰¯äº§å“éƒ¨é—¨
Aerial Mappers,4.0,1636,534,2.2860635696821516,86.93704156479218,32.64,èˆªç©ºåˆ¶å›¾å™¨,èˆªç©ºåˆ¶å›¾å™¨
Fleet Recycling,4.0,1036,338,2.281853281853282,88.4034749034749,32.63,é£èˆ¹å›æ”¶,é£èˆ¹å›æ”¶
Jovian Envoys,4.0,742,242,2.2722371967654986,89.41913746630728,32.61,æœ¨æ˜Ÿæ¥ä½¿,æœ¨æ˜Ÿæ¥ä½¿
Viral Enhancers,4.0,2040,665,2.288235294117647,85.56911764705882,32.6,ç—…æ¯’å¢å¼º,ç—…æ¯’å¢å¼º
Huygens Observatory,4.0,1366,445,2.2642752562225477,87.34992679355783,32.58,æƒ æ›´æ–¯å¤©æ–‡å°,æƒ æ›´æ–¯å¤©æ–‡å°
Electric Sheep,4.0,663,216,2.2654600301659125,92.20060331825037,32.58,ç”µå­ç¾Š,ç”µå­ç¾Š
Luxury Foods,4.0,1047,341,2.2750716332378222,89.25978987583572,32.57,å¥¢é¡å¤§é¤,å¥¢é¡å¤§é¤
Stratospheric Birds,4.0,1250,407,2.2464,90.8128,32.56,å¹³æµå±‚çš„é¸Ÿç±»,å¹³æµå±‚çš„é¸Ÿç±»
Tardigrades,4.0,957,311,2.246603970741902,82.84012539184953,32.5,ç¼“æ­¥å¾®ç”Ÿç‰©,ç¼“æ­¥å¾®ç”Ÿç‰©
Moon Tether,4.0,1031,335,2.265761396702231,90.62366634335596,32.49,åœ°æœˆè¿ç»“,åœ°æœˆè¿ç»“
Terraforming Control Station,4.0,1663,540,2.269993986770896,87.20264582080577,32.47,æ”¹é€ æ§åˆ¶ç«™,æ”¹é€ æ§åˆ¶ç«™
Pride of the Earth Arkship,4.0,539,175,2.2653061224489797,94.00556586270872,32.47,åœ°çƒæ–¹èˆŸçš„éª„å‚²,åœ°çƒæ–¹èˆŸçš„éª„å‚²
Airliners,4.0,678,220,2.2728613569321534,89.5,32.45,èˆªç©ºå…¬å¸,èˆªç©ºå…¬å¸
Air-Scrapping Expedition,4.0,971,315,2.2409886714727087,87.82080329557158,32.44,é‡‘æ˜Ÿæ”¹é€ è¿œå¾é˜Ÿ,é‡‘æ˜Ÿæ”¹é€ è¿œå¾é˜Ÿ
Lichen,4.0,728,236,2.298076923076923,86.42445054945055,32.42,é’è‹”,é’è‹”
Symbiotic Fungus,4.0,953,309,2.253934942287513,85.76495278069255,32.42,å…±ç”ŸçœŸèŒ,å…±ç”ŸçœŸèŒ
Rare-Earth Elements,4.0,762,247,2.293963254593176,87.14435695538057,32.41,ç¨€åœŸå…ƒç´ ,ç¨€åœŸå…ƒç´ 
Great Dam:promo,4.0,179,58,2.3128491620111733,84.53631284916202,32.4,Great Dam:promo,Great Dam:promo
Ecological Survey,4.0,1139,369,2.2335381913959615,89.16066725197541,32.4,ç”Ÿæ€è°ƒæŸ¥,ç”Ÿæ€è°ƒæŸ¥
Coordinated Raid,4.0,71,23,2.4225352112676055,88.45070422535211,32.39,åè°ƒä¸€è‡´çš„ç©ºè¢­,åè°ƒä¸€è‡´çš„ç©ºè¢­
Protected Habitats,4.0,807,261,2.258983890954151,85.71747211895911,32.34,å—ä¿æŠ¤çš„æ –æ¯åœ°,å—ä¿æŠ¤çš„æ –æ¯åœ°
Solar Probe,4.0,1710,553,2.31812865497076,86.9251461988304,32.34,å¤ªé˜³æ¢æµ‹å™¨,å¤ªé˜³æ¢æµ‹å™¨
Caretaker Contract,4.0,235,76,2.2893617021276595,90.0468085106383,32.34,ç›‘æŠ¤åˆçº¦,ç›‘æŠ¤åˆçº¦
Extremophiles,4.0,1965,635,2.2748091603053435,85.94452926208652,32.32,æç«¯å¾®ç”Ÿç‰©,æç«¯å¾®ç”Ÿç‰©
Permafrost Extraction,4.0,486,157,2.257201646090535,85.63374485596708,32.3,å†»åœŸç²¾ç‚¼,å†»åœŸç²¾ç‚¼
ğŸŒ¸å‰æ¤ç¹èŒ‚ğŸŒ¸,4.0,443,143,2.2663656884875847,82.78103837471784,32.28,ğŸŒ¸å‰æ¤ç¹èŒ‚ğŸŒ¸,å‰æ¤ç¹èŒ‚
Heather,4.0,931,300,2.221267454350161,86.20515574650913,32.22,å¸šçŸ³æ¥ ,å¸šçŸ³æ¥ 
Giant Solar Shade,4.0,962,310,2.313929313929314,85.93659043659044,32.22,å·¨å‹æ—¥å…‰é®è”½å™¨,å·¨å‹æ—¥å…‰é®è”½å™¨
Hermetic Order of Mars,4.0,559,180,2.3112701252236136,85.22182468694096,32.2,ç«æ˜Ÿç§˜æ•™,ç«æ˜Ÿç§˜æ•™
Stratospheric Expedition,4.0,1902,612,2.292849631966351,86.96950578338591,32.18,å¹³æµå±‚è¿œå¾,å¹³æµå±‚è¿œå¾
Business Contacts,4.0,1896,610,2.350210970464135,84.29588607594937,32.17,å•†ä¸šåˆåŒ,å•†ä¸šåˆåŒ
Dawn City,4.0,1323,425,2.2857142857142856,89.2509448223734,32.12,æ‹‚æ™“ä¹‹åŸ,æ‹‚æ™“ä¹‹åŸ
Invention Contest,4.0,1937,622,2.340216830149716,84.35828600929273,32.11,å‘æ˜ç«äº‰,å‘æ˜ç«äº‰
Cupola City,4.0,847,272,2.2739079102715465,85.30814639905549,32.11,ç©¹é¡¶èˆ±åŸå¸‚,ç©¹é¡¶èˆ±åŸå¸‚
Venus Waystation,4.0,1994,640,2.3264794383149447,85.87311935807422,32.1,é‡‘æ˜Ÿä¸­è½¬ç«™,é‡‘æ˜Ÿä¸­è½¬ç«™
Penguins,4.0,1343,431,2.265078183172003,87.96128071481758,32.09,ä¼é¹…,ä¼é¹…
Saturn Surfing,4.0,1686,541,2.297153024911032,87.83689205219454,32.09,åœŸæ˜Ÿå†²æµª,åœŸæ˜Ÿå†²æµª
Power Supply Consortium,4.0,670,215,2.337313432835821,88.01641791044776,32.09,ç”µåŠ›ä¾›åº”å…±åŒä½“,ç”µåŠ›ä¾›åº”å…±åŒä½“
Anthozoa,4.0,580,186,2.25,88.6448275862069,32.07,çŠç‘šåŠ¨ç‰©,çŠç‘šåŠ¨ç‰©
Directed Heat Usage,4.0,1230,394,2.2886178861788617,86.71788617886179,32.03,çƒ­èƒ½å®šå‘åˆ©ç”¨,çƒ­èƒ½å®šå‘åˆ©ç”¨
Hospitals,4.0,1343,430,2.255398361876396,88.41548771407297,32.02,åŒ»é™¢,åŒ»é™¢
Floating Habs,4.0,1543,494,2.288399222294232,87.49902786779002,32.02,æ¼‚æµ®èˆ±,æ¼‚æµ®èˆ±
Jupiter Floating Station,4.0,1287,412,2.283605283605284,89.28282828282828,32.01,æœ¨æ˜Ÿæµ®åŠ¨ç«™,æœ¨æ˜Ÿæµ®åŠ¨ç«™
Conscription,4.0,1609,515,2.2921068986948416,86.1441889372281,32.01,å¾å…µ,å¾å…µ
Thermophiles,4.0,1075,344,2.2772093023255815,87.87720930232558,32.0,å—œçƒ­èŒ,å—œçƒ­èŒ
Clone Troopers (II),4.0,322,103,2.2577639751552794,90.36645962732919,31.99,Clone Troopers (II),Clone Troopers (II)
Venus University,4.0,1610,515,2.296273291925466,87.81925465838509,31.99,é‡‘æ˜Ÿå¤§å­¦,é‡‘æ˜Ÿå¤§å­¦
Mars Nomads,4.0,447,143,2.353467561521253,84.62639821029083,31.99,ç«æ˜Ÿæ¸¸ç‰§è€…,ç«æ˜Ÿæ¸¸ç‰§è€…
Sponsoring Nation,4.0,622,199,2.260450160771704,91.66559485530547,31.99,ä¸»åŠå›½,ä¸»åŠå›½
Optimal Aerobraking,4.0,1467,469,2.3340149965916837,84.09543285616905,31.97,æœ€ä¼˜çš„ç©ºæ°”åŠ¨åŠ›åˆ¶åŠ¨,æœ€ä¼˜çš„ç©ºæ°”åŠ¨åŠ›åˆ¶åŠ¨
Soil Factory,4.0,510,163,2.2627450980392156,90.57254901960785,31.96,åœŸå£¤å·¥å‚,åœŸå£¤å·¥å‚
Pets,4.0,1621,518,2.2788402220851327,87.60394818013572,31.96,å® ç‰©,å® ç‰©
Solarnet,4.0,1468,468,2.311989100817439,87.57765667574932,31.88,å¤ªé˜³ç³»ç½‘ç»œ,å¤ªé˜³ç³»ç½‘ç»œ
Big Asteroid,4.0,1375,438,2.264,84.31127272727272,31.85,å¤§å‹å°è¡Œæ˜Ÿ,å¤§å‹å°è¡Œæ˜Ÿ
Last Resort Ingenuity,4.0,459,146,2.30718954248366,86.43572984749456,31.81,å³å…´æ‰èƒ½,å³å…´æ‰èƒ½
Decomposers,4.0,1821,579,2.260296540362438,86.3272926963207,31.8,åˆ†è§£è€…,åˆ†è§£è€…
Ice Asteroid,4.0,1010,321,2.298019801980198,84.05643564356436,31.78,ç»“å†°è¡Œæ˜Ÿ,ç»“å†°è¡Œæ˜Ÿ
Lava Flows:ares,4.0,702,223,2.2891737891737893,80.63247863247864,31.77,Lava Flows:ares,Lava Flows:ares
Io Mining Industries,4.0,1143,363,2.311461067366579,89.82589676290463,31.76,æœ¨å«ä¸€çŸ¿ä¸š,æœ¨å«ä¸€çŸ¿ä¸š
CEO's Favorite Project,4.0,1335,424,2.289138576779026,87.4876404494382,31.76,CEOæœ€å–œæ¬¢çš„é¡¹ç›®,CEOæœ€å–œæ¬¢çš„é¡¹ç›®
Restricted Area:ares,4.0,1553,493,2.330328396651642,85.34191886670959,31.75,Restricted Area:ares,Restricted Area:ares
Atalanta Planitia Lab,4.0,2076,659,2.321772639691715,87.28227360308286,31.74,äºšç‰¹å…°å¤§å®éªŒå®¤,äºšç‰¹å…°å¤§å®éªŒå®¤
New Venice,4.0,1182,375,2.3214890016920475,86.65059221658207,31.73,æ–°å¨å°¼æ–¯,æ–°å¨å°¼æ–¯
Miranda Resort,4.0,1677,532,2.344066785927251,86.20393559928443,31.72,ç±³å…°è¾¾åº¦å‡æ‘,ç±³å…°è¾¾åº¦å‡æ‘
ğŸŒ¸ç½®åœ°ä¸°æ”¶ğŸŒ¸,4.0,325,103,2.2615384615384615,82.00615384615385,31.69,ğŸŒ¸ç½®åœ°ä¸°æ”¶ğŸŒ¸,ç½®åœ°ä¸°æ”¶
Data Leak,4.0,445,141,2.2606741573033706,88.8067415730337,31.69,æ•°æ®æ³„éœ²,æ•°æ®æ³„éœ²
New Holland,4.0,483,153,2.248447204968944,87.58178053830228,31.68,æ–°è·å…°,æ–°è·å…°
Hydrothermal Vent Archaea,4.0,1358,430,2.271723122238586,86.61782032400589,31.66,æ·±æµ·çƒ­æ³‰ç»†èŒ,æ·±æµ·çƒ­æ³‰ç»†èŒ
Titan Air-scrapping,4.0,458,145,2.2729257641921397,93.7292576419214,31.66,å¤„ç†æ³°å¦ç©ºæ°”,å¤„ç†æ³°å¦ç©ºæ°”
Mars University,4.0,2003,634,2.3484772840738892,84.445332001997,31.65,ç«æ˜Ÿå¤§å­¦,ç«æ˜Ÿå¤§å­¦
Battery Factory,4.0,635,201,2.3653543307086613,89.06771653543306,31.65,ç”µæ± å·¥å‚,ç”µæ± å·¥å‚
Algae,4.0,940,297,2.2648936170212766,85.72234042553191,31.6,æµ·è—»,æµ·è—»
Grass,4.0,1032,326,2.25,84.0358527131783,31.59,è‰,è‰
Research Coordination,4.0,1413,446,2.3892427459306442,83.44656758669498,31.56,ç ”ç©¶ç¯å¢ƒ,ç ”ç©¶ç¯å¢ƒ
Comet for Venus,4.0,973,307,2.3802672147995887,85.36176772867421,31.55,é£å‘é‡‘æ˜Ÿçš„å½—æ˜Ÿ,é£å‘é‡‘æ˜Ÿçš„å½—æ˜Ÿ
Trantor,4.0,1591,502,2.3356379635449405,86.25644248900063,31.55,å·é™€,å·é™€
Tosche Station (IV),4.0,428,135,2.235981308411215,87.30140186915888,31.54,Tosche Station (IV),Tosche Station (IV)
Omnicourt,4.0,1114,351,2.3590664272890485,88.30251346499102,31.51,é€šç”¨æ³•åº­,é€šç”¨æ³•åº­
Water to Venus,4.0,1168,368,2.3424657534246576,85.55993150684931,31.51,è¾“é€æ°´æºåˆ°é‡‘æ˜Ÿ,è¾“é€æ°´æºåˆ°é‡‘æ˜Ÿ
Asteroid Rights,4.0,1635,515,2.2990825688073393,85.51743119266055,31.5,å°è¡Œæ˜ŸæƒåŠ›,å°è¡Œæ˜ŸæƒåŠ›
Space Port Colony,4.0,1382,435,2.2698986975397974,89.52894356005788,31.48,å¤ªç©ºæ¸¯æ®–æ°‘åœ°,å¤ªç©ºæ¸¯æ®–æ°‘åœ°
Martian Rails,4.0,429,135,2.358974358974359,89.34965034965035,31.47,ç«æ˜Ÿé«˜é“,ç«æ˜Ÿé«˜é“
Martian Repository,4.0,719,226,2.3630041724617525,90.62865090403338,31.43,ç«æ˜Ÿä»“åº“,ç«æ˜Ÿä»“åº“
Carbon Nanosystems,4.0,1828,574,2.311269146608315,86.03501094091904,31.4,ç¢³çº³ç±³ç³»ç»Ÿ,ç¢³çº³ç±³ç³»ç»Ÿ
Orbital Cleanup,4.0,1823,572,2.337356006582556,86.50795392210642,31.38,è½¨é“æ¸…æ´,è½¨é“æ¸…æ´
Asteroid,4.0,1432,449,2.3456703910614527,83.9427374301676,31.35,å°è¡Œæ˜Ÿ,å°è¡Œæ˜Ÿ
Giant Ice Asteroid,4.0,970,304,2.265979381443299,81.83711340206186,31.34,å·¨å†°è¡Œæ˜Ÿ,å·¨å†°è¡Œæ˜Ÿ
Topsoil Contract,4.0,1978,619,2.302831142568251,83.87664307381193,31.29,è¡¨åœŸåˆçº¦,è¡¨åœŸåˆçº¦
Public Sponsored Grant,4.0,1052,329,2.3536121673003803,85.95152091254752,31.27,å…¬å…±è¡¥è´´,å…¬å…±è¡¥è´´
Sub-Crust Measurements,4.0,1676,524,2.367541766109785,85.8926014319809,31.26,æµ‹é‡åœ°å£³,æµ‹é‡åœ°å£³
Butterfly Effect,4.0,435,136,2.282758620689655,89.9287356321839,31.26,è´è¶æ•ˆåº”,è´è¶æ•ˆåº”
Floyd Continuum,4.0,1827,571,2.3360700602079914,84.75095785440612,31.25,å¼—æ´›ä¼Šå¾·è¿ç»­ä½“,å¼—æ´›ä¼Šå¾·è¿ç»­ä½“
Mare Serenitatis Mine,4.0,16,5,2.125,106.5625,31.25,æ¾„æµ·çŸ¿å±±,æ¾„æµ·çŸ¿å±±
Sister Planet Sponsors,4.0,1309,409,2.364400305576776,86.49579831932773,31.25,å§Šå¦¹æ˜ŸçƒèµåŠ©,å§Šå¦¹æ˜ŸçƒèµåŠ©
Habitat 14,4.0,16,5,2.3125,110.0625,31.25,ç¬¬14å·æ –æ¯åœ°,ç¬¬14å·æ –æ¯åœ°
Deep Lunar Mining,4.0,16,5,2.375,100.75,31.25,æœˆçƒæ·±åº¦æŒ–æ˜,æœˆçƒæ·±åº¦æŒ–æ˜
Banned Delegate,4.0,269,84,2.308550185873606,84.48698884758365,31.23,è¿æ³•ä»£è¡¨,è¿æ³•ä»£è¡¨
Magnetic Field Dome,4.0,564,176,2.3085106382978724,89.61524822695036,31.21,ç£åŠ›åŒºåŸŸåœ†é¡¶,ç£åŠ›åŒºåŸŸåœ†é¡¶
Peroxide Power,4.0,1042,325,2.328214971209213,85.67274472168906,31.19,è¿‡æ°§åŒ–æ°¢èƒ½æº,è¿‡æ°§åŒ–æ°¢èƒ½æº
Border Checkpoint,4.0,1193,372,2.352891869237217,84.83738474434199,31.18,è¾¹å¢ƒæ£€æŸ¥ç«™,è¾¹å¢ƒæ£€æŸ¥ç«™
Floater Leasing,4.0,424,132,2.3042452830188678,88.03301886792453,31.13,æ¼‚æµ®ç‰©ç§Ÿè´·,æ¼‚æµ®ç‰©ç§Ÿè´·
Jovian Expedition,4.0,1349,420,2.327650111193477,87.4477390659748,31.13,æœ¨æ˜Ÿè¿œå¾,æœ¨æ˜Ÿè¿œå¾
Steelworks,4.0,151,47,2.4966887417218544,84.54966887417218,31.13,é’¢é“å‚,é’¢é“å‚
Titan Floating Launch-pad,4.0,1089,339,2.310376492194674,86.86593204775023,31.13,æ³°å¦æ¼‚æµ®ç‰©èµ·é£å¹³å°,æ³°å¦æ¼‚æµ®ç‰©èµ·é£å¹³å°
Asteroid Deflection System,4.0,816,254,2.3700980392156863,85.55759803921569,31.13,å°è¡Œæ˜Ÿé˜²å«ç³»ç»Ÿ,å°è¡Œæ˜Ÿé˜²å«ç³»ç»Ÿ
Martian Zoo,4.0,1141,355,2.357581069237511,86.54601226993866,31.11,ç«æ˜ŸåŠ¨ç‰©å›­,ç«æ˜ŸåŠ¨ç‰©å›­
Plantation,4.0,1559,485,2.2995509942270687,86.13213598460551,31.11,ç§æ¤å›­,ç§æ¤å›­
Solar Wind Power,4.0,1868,581,2.3276231263383296,85.77248394004283,31.1,å¤ªé˜³é£,å¤ªé˜³é£
Ants,4.0,1309,407,2.3170359052711995,86.21772345301757,31.09,èš‚èš,èš‚èš
Sponsored Academies,4.0,1895,589,2.3240105540897096,86.17044854881266,31.08,å­¦æœ¯èµåŠ©,å­¦æœ¯èµåŠ©
Orbital Reflectors,4.0,686,213,2.309037900874636,85.01020408163265,31.05,è½¨é“åå°„é•œ,è½¨é“åå°„é•œ
Event Analysts,4.0,884,274,2.334841628959276,85.86085972850678,31.0,äº‹ä»¶åˆ†æ,äº‹ä»¶åˆ†æ
Tropical Resort,4.0,527,163,2.2656546489563567,88.26565464895636,30.93,çƒ­å¸¦åº¦å‡èƒœåœ°,çƒ­å¸¦åº¦å‡èƒœåœ°
Insulation,4.0,291,90,2.3195876288659796,87.8487972508591,30.93,ç»ç¼˜,ç»ç¼˜
Research,4.0,1931,597,2.346970481615743,85.58208182288969,30.92,ç ”ç©¶,ç ”ç©¶
Indentured Workers,4.0,1644,508,2.3394160583941606,83.58029197080292,30.9,åˆåŒå·¥,åˆåŒå·¥
Noctis City,4.0,1140,352,2.3131578947368423,85.89473684210526,30.88,è¯ºææ–¯åŸ,è¯ºææ–¯åŸ
Quantum Communications,4.0,1037,320,2.373191899710704,88.99710703953713,30.86,é‡å­é€šä¿¡,é‡å­é€šä¿¡
Dust Storm,4.0,616,190,2.3181818181818183,80.89772727272727,30.84,æ²™å°˜æš´,æ²™å°˜æš´
Lobby Halls,4.0,999,308,2.3523523523523524,84.88588588588588,30.83,è®®ä¼šå¤§å…,è®®ä¼šå¤§å…
Predators,4.0,610,188,2.3131147540983608,90.87213114754098,30.82,æ•é£Ÿè€…,æ•é£Ÿè€…
Deuterium Export,4.0,1366,421,2.37701317715959,84.90702781844803,30.82,è¾“å‡ºæ°˜,è¾“å‡ºæ°˜
Luna Metropolis,4.0,1363,420,2.3536316947909026,87.43947175348497,30.81,æœˆç¥éƒ½ä¼š,æœˆç¥éƒ½ä¼š
Mars Hot Spring,4.0,1097,338,2.325432999088423,83.62443026435734,30.81,ç«æ˜Ÿæ¸©æ³‰,ç«æ˜Ÿæ¸©æ³‰
Terraforming Contract,4.0,799,246,2.346683354192741,84.86733416770964,30.79,æ”¹é€ åˆåŒ,æ”¹é€ åˆåŒ
Ishtar Mining,4.0,1348,415,2.3672106824925816,86.91468842729971,30.79,ä¼Šä»€å¡”å°”çŸ¿ä¸š,ä¼Šä»€å¡”å°”çŸ¿ä¸š
Tate,4.0,39,12,2.41025641025641,81.48717948717949,30.77,æ³°ç‰¹,æ³°ç‰¹
Grand Luna Academy,4.0,13,4,2.3846153846153846,111.84615384615384,30.77,å¤§æœˆçƒå­¦é™¢,å¤§æœˆçƒå­¦é™¢
Micro-Geodesics,4.0,13,4,2.3846153846153846,81.38461538461539,30.77,å¾®æµ‹åœ°å­¦,å¾®æµ‹åœ°å­¦
Livestock,4.0,547,168,2.319926873857404,90.52650822669104,30.71,ç•œç‰§,ç•œç‰§
Forced Precipitation,4.0,746,229,2.272117962466488,86.9745308310992,30.7,å¼ºåˆ¶é™æ°´,å¼ºåˆ¶é™æ°´
Dyson Screens,4.0,1153,354,2.2914137033824806,86.96790980052039,30.7,æˆ´æ£®å±,æˆ´æ£®å±
Fall of Sunrise,4.0,1408,432,2.3025568181818183,84.21448863636364,30.68,æ‹‚æ™“é™¨è½,æ‹‚æ™“é™¨è½
GHG Producing Bacteria,4.0,916,281,2.2991266375545854,84.02183406113537,30.68,æ¸©å®¤æ°”ä½“ç”Ÿäº§ç»†èŒ,æ¸©å®¤æ°”ä½“ç”Ÿäº§ç»†èŒ
Agro-Drones,4.0,137,42,2.3576642335766422,90.43065693430657,30.66,å†œä¸šæ— äººæœº,å†œä¸šæ— äººæœº
Market Manipulation,4.0,995,305,2.315577889447236,83.74773869346734,30.65,æ“æ§å¸‚åœº,æ“æ§å¸‚åœº
Productive Outpost,4.0,1266,388,2.3262243285939967,86.80173775671406,30.65,ç”Ÿäº§å‰å“¨ç«™,ç”Ÿäº§å‰å“¨ç«™
Sabotage,4.0,770,236,2.2467532467532467,84.97402597402598,30.65,è“„æ„ç ´å,è“„æ„ç ´å
Local Shading,4.0,1391,426,2.3350107836089142,85.03450754852624,30.63,å±€éƒ¨é®è”½,å±€éƒ¨é®è”½
Breathing Filters,4.0,1293,396,2.3379737045630318,87.97447795823666,30.63,å‘¼å¸è¿‡æ»¤å™¨,å‘¼å¸è¿‡æ»¤å™¨
Think Tank,4.0,490,150,2.3346938775510204,89.73469387755102,30.61,æ™ºåº“,æ™ºåº“
PR Office,4.0,1137,348,2.337730870712401,85.50043975373791,30.61,å…¬å…³åŠå…¬å®¤,å…¬å…³åŠå…¬å®¤
Energy Supply,4.0,1091,334,2.323556370302475,84.85334555453713,30.61,ç”µåŠ›è¡¥ç»™,ç”µåŠ›è¡¥ç»™
Air Raid,4.0,951,291,2.3144058885383805,86.39432176656152,30.6,ç©ºè¢­,ç©ºè¢­
Mercurian Alloys,4.0,1638,501,2.3534798534798536,85.71489621489621,30.59,æ°´æ˜Ÿåˆé‡‘,æ°´æ˜Ÿåˆé‡‘
Comet,4.0,991,303,2.3047426841574166,81.50958627648839,30.58,å½—æ˜Ÿ,å½—æ˜Ÿ
Medical Lab,4.0,1279,391,2.3549648162627053,86.6106333072713,30.57,åŒ»ç–—å®éªŒå®¤,åŒ»ç–—å®éªŒå®¤
Trading Colony,4.0,1204,368,2.3538205980066444,85.34551495016612,30.56,äº¤æ˜“æ®–æ°‘åœ°,äº¤æ˜“æ®–æ°‘åœ°
Ceres Spaceport,4.0,930,284,2.332258064516129,88.75913978494624,30.54,è°·ç¥æ˜Ÿå¤ªç©ºæ¸¯,è°·ç¥æ˜Ÿå¤ªç©ºæ¸¯
Cutting Edge Technology,4.0,1873,572,2.336358782701548,85.4837159636946,30.54,å‰æ²¿ç§‘æŠ€,å‰æ²¿ç§‘æŠ€
Moss,4.0,727,222,2.323246217331499,85.71801925722146,30.54,è‹”è—“,è‹”è—“
Research Colony,4.0,1746,533,2.347651775486827,86.1930126002291,30.53,ç ”ç©¶æ®–æ°‘åœ°,ç ”ç©¶æ®–æ°‘åœ°
Noctis Farming,4.0,1520,464,2.3046052631578946,85.61578947368422,30.53,è¯ºææ–¯å†œè€•,è¯ºææ–¯å†œè€•
Jovian Embassy,4.0,1477,451,2.3520649966147595,87.83276912660799,30.53,æœ¨æ˜Ÿå¤§ä½¿é¦†,æœ¨æ˜Ÿå¤§ä½¿é¦†
Space Debris Cleaning Operation,4.0,1648,503,2.3483009708737863,83.95145631067962,30.52,å¤ªç©ºåƒåœ¾æ¸…ç†,å¤ªç©ºåƒåœ¾æ¸…ç†
Convoy From Europa,4.0,1442,440,2.364771151178918,83.26837725381415,30.51,æœ¨å«äºŒæŠ¤èˆªé˜Ÿ,æœ¨å«äºŒæŠ¤èˆªé˜Ÿ
Geological Survey,4.0,872,266,2.378440366972477,83.91055045871559,30.5,åœ°è´¨è°ƒæŸ¥,åœ°è´¨è°ƒæŸ¥
æ˜Ÿé™…ç¢å±‘,4.0,623,190,2.3723916532905296,85.79293739967898,30.5,æ˜Ÿé™…ç¢å±‘,æ˜Ÿé™…ç¢å±‘
Cow,4.0,1368,417,2.323099415204678,85.50292397660819,30.48,å¥¶ç‰›,å¥¶ç‰›
Stratopolis,4.0,479,146,2.3507306889352817,88.73068893528183,30.48,å‡Œäº‘ä¹‹åŸ,å‡Œäº‘ä¹‹åŸ
Mineral Deposit,4.0,1664,507,2.350360576923077,84.64603365384616,30.47,çŸ¿åºŠ,çŸ¿åºŠ
Dusk Laser Mining,4.0,1638,499,2.3504273504273505,85.51831501831502,30.46,é»„æ˜æ¿€å…‰çŸ¿ä¸š,é»„æ˜æ¿€å…‰çŸ¿ä¸š
Nitrogen from Titan,4.0,1064,324,2.327067669172932,89.18796992481202,30.45,åœŸå«å…­æ°®æ°”,åœŸå«å…­æ°®æ°”
Supported Research,4.0,1442,439,2.3453536754507627,84.8245492371706,30.44,å—æ‰¶æŒçš„ç ”ç©¶,å—æ‰¶æŒçš„ç ”ç©¶
High Temp. Superconductors,4.0,782,238,2.3414322250639388,84.36317135549872,30.43,è¶…å¯¼ä½“æ”¹è¿›,è¶…å¯¼ä½“æ”¹è¿›
Asteroid Mining Consortium,4.0,973,296,2.3956834532374103,86.89208633093526,30.42,è¡Œæ˜Ÿé‡‡çŸ¿è´¢å›¢,è¡Œæ˜Ÿé‡‡çŸ¿è´¢å›¢
Public Baths,4.0,928,282,2.3954741379310347,82.60344827586206,30.39,å…¬å…±æµ´åœº,å…¬å…±æµ´åœº
Virus,4.0,915,278,2.3344262295081966,84.52459016393442,30.38,ç—…æ¯’,ç—…æ¯’
Wetlands,4.0,405,123,2.28641975308642,83.60740740740741,30.37,æ¹¿åœ°,æ¹¿åœ°
Floater Technology,4.0,945,287,2.3343915343915342,88.29417989417989,30.37,æ¼‚æµ®ç‰©ç§‘æŠ€,æ¼‚æµ®ç‰©ç§‘æŠ€
Corona Extractor,4.0,1022,310,2.3463796477495107,87.07632093933464,30.33,æ—¥å†•æå–å™¨,æ—¥å†•æå–å™¨
Arctic Algae,4.0,966,293,2.2867494824016563,82.5031055900621,30.33,åŒ—æçš„è—»ç±»æ¤ç‰©,åŒ—æçš„è—»ç±»æ¤ç‰©
Shuttles,4.0,1533,465,2.3626875407697328,85.70123939986954,30.33, ç©¿æ¢­æœº,ç©¿æ¢­æœº
Project Inspection,4.0,1580,479,2.3056962025316454,87.02025316455696,30.32,é¡¹ç›®æ£€æµ‹,é¡¹ç›®æ£€æµ‹
Hired Raiders,4.0,1438,436,2.3157162726008345,85.40055632823366,30.32,é›‡ä½£æ å¤ºè€…,é›‡ä½£æ å¤ºè€…
Domed Crater,4.0,696,211,2.2772988505747125,84.2830459770115,30.32,åœ†é¡¶ç«å±±å£,åœ†é¡¶ç«å±±å£
Snow Algae,4.0,330,100,2.327272727272727,84.7,30.3,é›ªè—»,é›ªè—»
Energy Saving,4.0,297,90,2.404040404040404,88.08417508417509,30.3,èŠ‚èƒ½å‡æ’,èŠ‚èƒ½å‡æ’
Mining Rights:ares,4.0,1413,428,2.337579617834395,84.93842887473461,30.29,Mining Rights:ares,Mining Rights:ares
Carbonate Processing,4.0,364,110,2.326923076923077,84.29120879120879,30.22,ç¢³é…¸ç›å¤„ç†,ç¢³é…¸ç›å¤„ç†
Energy Station,4.0,1159,350,2.340811044003451,84.05176876617774,30.2,èƒ½æºç«™,èƒ½æºç«™
Land Claim,4.0,935,282,2.299465240641711,88.0042780748663,30.16,å®£ç§°é¢†åœŸ,å®£ç§°é¢†åœŸ
Small Asteroid,4.0,1102,332,2.38021778584392,83.33484573502723,30.13,å°å‹å°è¡Œæ˜Ÿ,å°å‹å°è¡Œæ˜Ÿ
Aerial Lenses,4.0,156,47,2.2948717948717947,78.92307692307692,30.13,å¯¹ç©ºé€é•œ,å¯¹ç©ºé€é•œ
Rad-chem Factory,4.0,1172,353,2.358361774744027,85.1032423208191,30.12,è¾å°„åŒ–å­¦å·¥å‚,è¾å°„åŒ–å­¦å·¥å‚
Waste Incinerator,4.0,1508,454,2.336206896551724,84.80305039787798,30.11,åƒåœ¾ç„šçƒ§ç«™,åƒåœ¾ç„šçƒ§ç«™
Recruitment,4.0,588,177,2.372448979591837,84.90136054421768,30.1,é›‡ä½£,é›‡ä½£
Import of Advanced GHG,4.0,987,297,2.358662613981763,83.43262411347517,30.09,è¾“å…¥é«˜çº§æ¸©å®¤æ°”ä½“,è¾“å…¥é«˜çº§æ¸©å®¤æ°”ä½“
Underground City,4.0,668,201,2.32185628742515,86.15119760479043,30.09,åœ°ä¸‹åŸ,åœ°ä¸‹åŸ
Heavy Taxation,4.0,1230,370,2.388617886178862,84.39512195121951,30.08,é‡ç¨,é‡ç¨
Floater Prototypes,4.0,1307,393,2.3802601377199695,86.06962509563887,30.07,é€ äº‘åŸå‹æœº,é€ äº‘åŸå‹æœº
Great Dam:ares,4.0,1231,370,2.2908204711616573,84.67099918765231,30.06,Great Dam:ares,Great Dam:ares
Psychrophiles,4.0,1101,331,2.3533151680290647,83.52406902815622,30.06,å—œå†·æ€§ç»†èŒ,å—œå†·æ€§ç»†èŒ
Kickstarter,4.0,985,296,2.3106598984771574,87.63350253807107,30.05,KSä¼—ç­¹,KSä¼—ç­¹
Protected Valley,4.0,1225,368,2.3044897959183674,84.20816326530613,30.04,å—ä¿æŠ¤çš„å±±è„‰,å—ä¿æŠ¤çš„å±±è„‰
Jet Stream Microscrappers,4.0,476,143,2.388655462184874,82.80042016806723,30.04,æ€¥æµé‡‡é›†å™¨,æ€¥æµé‡‡é›†å™¨
Underground Detonations,4.0,120,36,2.3583333333333334,90.95,30.0,åœ°ä¸‹çˆ†ç ´,åœ°ä¸‹çˆ†ç ´
Forest Tunnels,4.0,10,3,2.2,31.4,30.0,æ£®æ—éš§é“,æ£®æ—éš§é“
Underground Research Center,4.0,10,3,2.2,93.1,30.0,åœ°ä¸‹ç ”ç©¶ä¸­å¿ƒ,åœ°ä¸‹ç ”ç©¶ä¸­å¿ƒ
Tycho Road Network,4.0,10,3,2.3,112.0,30.0,æ³°ç§‘è¡—é“ç½‘ç»œ,æ³°ç§‘è¡—é“ç½‘ç»œ
Immigrant City,4.0,1487,446,2.3456624075319437,85.8399462004035,29.99,ç§»æ°‘åŸå¸‚,ç§»æ°‘åŸå¸‚
Lava Flows,4.0,177,53,2.3163841807909606,76.42372881355932,29.94,ç†”å²©æµ,ç†”å²©æµ
Standard Technology,4.0,1292,386,2.374613003095975,82.93266253869969,29.88,æ ‡å‡†æŠ€æœ¯,æ ‡å‡†æŠ€æœ¯
Subterranean Reservoir,4.0,947,283,2.3569165786694826,81.5818373812038,29.88,åœ°ä¸‹æ°´åº“,åœ°ä¸‹æ°´åº“
Gene Repair,4.0,1457,435,2.3870967741935485,86.96980096087852,29.86,åŸºå› ä¿®å¤,åŸºå› ä¿®å¤
Lightning Harvest,4.0,1237,369,2.375909458367017,86.14470493128536,29.83,æ•è·é›·ç”µ,æ•è·é›·ç”µ
Stanford Torus,4.0,1341,400,2.3914988814317675,86.86950037285608,29.83,æ–¯å¦ç¦ç¯é¢,æ–¯å¦ç¦ç¯é¢
Rover Construction,4.0,1878,560,2.3322683706070286,85.15282215122471,29.82,æ¼«æ¸¸è€…å»ºè®¾,æ¼«æ¸¸è€…å»ºè®¾
Jovian Defense Department,4.0,1177,351,2.3576890399320307,87.88105352591334,29.82,æœ¨æ˜Ÿé˜²ç©ºç½²,æœ¨æ˜Ÿé˜²ç©ºç½²
Space Hotels,4.0,1074,320,2.4348230912476723,84.73836126629423,29.8,å¤ªç©ºé…’åº—,å¤ªç©ºé…’åº—
Advanced Alloys,4.0,1803,537,2.3793677204658903,84.80698835274542,29.78,ä¼˜åŒ–åˆé‡‘,ä¼˜åŒ–åˆé‡‘
Space Relay,4.0,1482,441,2.401484480431849,85.95681511470985,29.76,å¤ªç©ºä¸­ç»§ç«™,å¤ªç©ºä¸­ç»§ç«™
Cryptocurrency,4.0,592,176,2.4087837837837838,80.5304054054054,29.73,åŠ å¯†è´§å¸,åŠ å¯†è´§å¸
Martian Dust Processing Plant,4.0,498,148,2.36144578313253,87.33333333333333,29.72,ç²‰å°˜åŠ å·¥å‚,ç²‰å°˜åŠ å·¥å‚
Technology Demonstration,4.0,2000,594,2.387,83.7,29.7,ç§‘å­¦è®ºè¯,ç§‘å­¦è®ºè¯
16 Psyche,4.0,1098,326,2.384335154826958,86.46174863387978,29.69,çµç¥æ˜Ÿ16,çµç¥æ˜Ÿ16
Ansible,4.0,1186,352,2.415682967959528,87.91989881956155,29.68,å®‰å¡æ³¢,å®‰å¡æ³¢
Satellites,4.0,1238,367,2.420032310177706,84.80290791599354,29.64,å«æ˜Ÿ,å«æ˜Ÿ
Advertising,4.0,1148,340,2.456445993031359,84.06271777003484,29.62,å¹¿å‘Šä¸š,å¹¿å‘Šä¸š
Return to Abandoned Technology,4.0,1405,416,2.3637010676156582,86.16512455516015,29.61,åºŸç¨¿å›æ”¶,åºŸç¨¿å›æ”¶
Wildlife Dome,4.0,1348,399,2.290059347181009,83.40430267062314,29.6,é‡ç”Ÿç”Ÿç‰©ç©¹é¡¶,é‡ç”Ÿç”Ÿç‰©ç©¹é¡¶
Business Network,4.0,1514,448,2.3857331571994718,83.95970937912814,29.59,å•†ä¸šç½‘ç»œ,å•†ä¸šç½‘ç»œ
Energy Tapping,4.0,676,200,2.3653846153846154,84.04437869822485,29.59,èƒ½é‡å¼€å‘,èƒ½é‡å¼€å‘
Investment Loan,4.0,1987,588,2.373930548565677,83.62355309511827,29.59,æŠ•èµ„æ€§è´·æ¬¾,æŠ•èµ„æ€§è´·æ¬¾
Orbital Laboratories,4.0,1055,312,2.3308056872037914,85.07298578199052,29.57,è½¨é“å®éªŒå®¤,è½¨é“å®éªŒå®¤
Adaptation Technology,4.0,762,225,2.4343832020997374,84.58792650918635,29.53,é€‚åº”æ€§æŠ€æœ¯,é€‚åº”æ€§æŠ€æœ¯
Interplanetary Colony Ship,4.0,1664,491,2.3461538461538463,84.61057692307692,29.51,æ˜Ÿé™…æ®–æ°‘èˆ¹,æ˜Ÿé™…æ®–æ°‘èˆ¹
Flooding,4.0,864,255,2.3564814814814814,82.04513888888889,29.51,æ´ªæ°´,æ´ªæ°´
Interplanetary Trade,4.0,661,195,2.4145234493192134,83.55068078668684,29.5,æ˜Ÿé™…è´¸æ˜“,æ˜Ÿé™…è´¸æ˜“
Power Plant:Pathfinders,4.0,590,174,2.3796610169491523,82.5135593220339,29.49,Power Plant:Pathfinders,Power Plant:Pathfinders
Lava Tube Settlement,4.0,865,255,2.346820809248555,86.72254335260115,29.48,ç†”å²©åŸ,ç†”å²©åŸ
Power Infrastructure,4.0,784,231,2.3660714285714284,86.55484693877551,29.46,ç”µåŠ›åŸºç¡€è®¾ç½®,ç”µåŠ›åŸºç¡€è®¾ç½®
Adapted Lichen,4.0,465,137,2.4021505376344088,84.45161290322581,29.46,è‡ªé€‚åº”åœ°è¡£,è‡ªé€‚åº”åœ°è¡£
Pioneer Settlement,4.0,1327,391,2.3474001507159006,83.16503391107761,29.46,å®šå±…ç‚¹,å®šå±…ç‚¹
Power Plant,4.0,1314,387,2.414764079147641,82.45509893455099,29.45,å‘ç”µå‚,å‘ç”µå‚
Great Escarpment Consortium,4.0,292,86,2.3835616438356166,86.58904109589041,29.45,å·¨å¤§æ–­å´–,å·¨å¤§æ–­å´–
Corroder Suits,4.0,1230,362,2.367479674796748,85.56341463414634,29.43,é˜²æŠ¤æœ,é˜²æŠ¤æœ
Fusion Power,4.0,826,243,2.4261501210653753,86.51210653753027,29.42,èšå˜èƒ½æº,èšå˜èƒ½æº
Scapegoat,4.0,17,5,2.5294117647058822,59.23529411764706,29.41,æ›¿ç½ªç¾Š,æ›¿ç½ªç¾Š
Community Worker,4.0,1299,382,2.3979984603541187,86.45419553502694,29.41,ç¤¾åŒºå·¥ä½œè€…,ç¤¾åŒºå·¥ä½œè€…
Mare Imbrium Mine,4.0,17,5,2.2941176470588234,83.47058823529412,29.41,é›¨æµ·çŸ¿å±±,é›¨æµ·çŸ¿å±±
Homeostasis Bureau,4.0,995,292,2.318592964824121,81.92060301507537,29.35,ç¨³æ€ç®¡ç†å±€,ç¨³æ€ç®¡ç†å±€
Unexpected Application,4.0,1554,456,2.3384813384813383,85.92664092664093,29.34,æ„å¤–åº”ç”¨,æ„å¤–åº”ç”¨
Dirigibles,4.0,1371,402,2.361050328227571,85.65864332603938,29.32,æ‚¬æµ®è‰‡,æ‚¬æµ®è‰‡
Labor Trafficking,4.0,297,87,2.4006734006734005,81.5016835016835,29.29,åŠ³åŠ¨åŠ›è´©å–,åŠ³åŠ¨åŠ›è´©å–
Water Splitting Plant,4.0,140,41,2.4,80.83571428571429,29.29,æµ·æ°´åˆ†è§£è£…ç½®,æµ·æ°´åˆ†è§£è£…ç½®
EM Drive,4.0,543,159,2.3977900552486187,87.10497237569061,29.28,æ— å·¥è´¨æ¨è¿›é£èˆ¹,æ— å·¥è´¨æ¨è¿›é£èˆ¹
Minority Refuge,4.0,1650,483,2.3581818181818184,84.01575757575758,29.27,å°‘æ•°æ°‘æ—éš¾æ°‘,å°‘æ•°æ°‘æ—éš¾æ°‘
Nobel Labs,4.0,1094,320,2.373857404021938,87.71755027422303,29.25,è¯ºè´å°”åŠ³åŠ¨å¥–,è¯ºè´å°”åŠ³åŠ¨å¥–
Rego Plastics,4.0,1422,416,2.3368495077355838,85.93389592123769,29.25,è¡¨åœŸå¡‘æ–™,è¡¨åœŸå¡‘æ–™
Advanced Power Grid,4.0,685,200,2.386861313868613,85.74452554744525,29.2,ç”µç½‘æ”¹è¿›,ç”µç½‘æ”¹è¿›
AI Central,4.0,1447,422,2.4457498272287492,85.50034554250173,29.16,äººå·¥æ™ºèƒ½æ ¸å¿ƒ,äººå·¥æ™ºèƒ½æ ¸å¿ƒ
Darkside Observatory,4.0,319,93,2.404388714733542,87.23510971786834,29.15,æš—é¢å¤©æ–‡å°,æš—é¢å¤©æ–‡å°
Commercial District:ares,4.0,897,261,2.3444816053511706,86.09476031215162,29.1,Commercial District:ares,Commercial District:ares
Solar Storm,4.0,732,213,2.3401639344262297,83.48633879781421,29.1,å¤ªé˜³é£æš´,å¤ªé˜³é£æš´
Mining Quota,4.0,815,237,2.4098159509202453,87.63803680981596,29.08,é‡‡çŸ¿é…é¢,é‡‡çŸ¿é…é¢
Extractor Balloons,4.0,337,98,2.3471810089020773,81.68545994065282,29.08,çƒ­æ°”çƒæå–å™¨,çƒ­æ°”çƒæå–å™¨
Mining Expedition,4.0,585,170,2.4,81.61538461538461,29.06,çŸ¿ä¸šæ¢é™©,çŸ¿ä¸šæ¢é™©
Phobos Space Haven,4.0,974,283,2.3634496919917862,86.87782340862422,29.06,ç¦æ³¢æ–¯(ç«å«ä¸€)ç©ºé—´æ¸¯,ç¦æ³¢æ–¯(ç«å«ä¸€)ç©ºé—´æ¸¯
Space Mirrors,4.0,655,190,2.4106870229007633,83.07786259541984,29.01,å¤ªç©ºé•œ,å¤ªç©ºé•œ
Community Services,4.0,445,129,2.453932584269663,84.56179775280899,28.99,ç¤¾åŒºæœåŠ¡,ç¤¾åŒºæœåŠ¡
Asteroid Mining,4.0,1050,304,2.4457142857142857,85.51428571428572,28.95,å°è¡Œæ˜Ÿé‡‡çŸ¿,å°è¡Œæ˜Ÿé‡‡çŸ¿
Wave Power,4.0,1124,325,2.3790035587188614,85.1040925266904,28.91,æ½®æ±èƒ½æº,æ½®æ±èƒ½æº
Building Industries,4.0,601,173,2.430948419301165,84.85191347753744,28.79,å»ºç­‘è¡Œä¸š,å»ºç­‘è¡Œä¸š
Callisto Penal Mines,4.0,1049,302,2.401334604385129,85.93612964728312,28.79,æœ¨å«å››å¼€é‡‡æ³•,æœ¨å«å››å¼€é‡‡æ³•
Sponsors,4.0,1192,343,2.50755033557047,81.54781879194631,28.78,èµåŠ©å•†,èµåŠ©å•†
é¡¹ç›®é‡æ•´,4.0,549,158,2.471766848816029,85.28233151183971,28.78,é¡¹ç›®é‡æ•´,é¡¹ç›®é‡æ•´
Cassini Station,4.0,730,210,2.328767123287671,89.18493150684931,28.77,å¡è¥¿å°¼å¤ªç©ºç«™,å¡è¥¿å°¼å¤ªç©ºç«™
Robotic Workforce,4.0,911,262,2.446761800219539,85.43029637760702,28.76,æœºå™¨äººå¤§å†›,æœºå™¨äººå¤§å†›
Microbiology Patents,4.0,1040,299,2.3759615384615387,83.97788461538461,28.75,å¾®ç”Ÿç‰©å­¦ä¸“åˆ©,å¾®ç”Ÿç‰©å­¦ä¸“åˆ©
Security Fleet,4.0,355,102,2.453521126760563,87.28450704225352,28.73,å®‰ä¿èˆ°é˜Ÿ,å®‰ä¿èˆ°é˜Ÿ
Rim Freighters,4.0,1215,349,2.413991769547325,84.73251028806584,28.72,é‡Œå§†è´§èˆ¹,é‡Œå§†è´§èˆ¹
Vesta Shipyard,4.0,1607,461,2.401991288114499,85.42563783447417,28.69,ç»´æ–¯å¡”é€ èˆ¹å‚,ç»´æ–¯å¡”é€ èˆ¹å‚
Release of Inert Gases,4.0,635,182,2.3606299212598425,87.32913385826771,28.66,é‡Šæ”¾æƒ°æ€§æ°”ä½“,é‡Šæ”¾æƒ°æ€§æ°”ä½“
Field-Capped City,4.0,1298,371,2.332049306625578,85.77349768875193,28.58,ç£åœºç©¹é¡¶åŸå¸‚,ç£åœºç©¹é¡¶åŸå¸‚
Floyd,4.0,21,6,2.4761904761904763,62.476190476190474,28.57,å¼—æ´›ä¼Šå¾·,å¼—æ´›ä¼Šå¾·
Hackers:u,4.0,7,2,2.857142857142857,79.14285714285714,28.57,é»‘å®¢ç»„ç»‡,é»‘å®¢ç»„ç»‡
Search for Life Underground,4.0,7,2,2.2857142857142856,94.28571428571429,28.57,åœ°ä¸‹ç”Ÿå‘½æœå¯»,åœ°ä¸‹ç”Ÿå‘½æœå¯»
Shara,4.0,7,2,2.4285714285714284,78.85714285714286,28.57,èæ‹‰,èæ‹‰
Global Audit,4.0,21,6,2.2857142857142856,62.19047619047619,28.57,å…¨çƒå®¡è®¡,å…¨çƒå®¡è®¡
Lunar Observation Post,4.0,770,220,2.396103896103896,87.54415584415584,28.57,æœˆçƒè§‚æµ‹ç«™,æœˆçƒè§‚æµ‹ç«™
Greta,4.0,14,4,2.2857142857142856,78.64285714285714,28.57,æ ¼è•¾å¡”,æ ¼è•¾å¡”
The Womb,4.0,7,2,2.0,117.71428571428571,28.57,èµ·æºä¹‹åŸ,èµ·æºä¹‹åŸ
Xavier,4.0,21,6,2.5714285714285716,91.0,28.57,æ³½ç»´å°”,æ³½ç»´å°”
Xu,4.0,14,4,2.2142857142857144,97.71428571428571,28.57,å¾,å¾
Faraday,4.0,28,8,2.642857142857143,82.17857142857143,28.57,æ³•æ‹‰ç¬¬,æ³•æ‹‰ç¬¬
Prefabrication of Human Habitats,4.0,420,120,2.3642857142857143,87.52857142857142,28.57,æˆ¿å±‹é¢„åˆ¶,æˆ¿å±‹é¢„åˆ¶
Subterranean Habitats,4.0,7,2,2.857142857142857,105.57142857142857,28.57,åœ°ä¸‹æ –æ¯åœ°,åœ°ä¸‹æ –æ¯åœ°
Orbital Laser Drill,4.0,21,6,2.2857142857142856,22.952380952380953,28.57,è½¨é“æ¿€å…‰é’»,è½¨é“æ¿€å…‰é’»
Artificial Photosynthesis,4.0,886,253,2.4548532731376973,83.27539503386005,28.56,äººé€ å…‰åˆä½œç”¨,äººé€ å…‰åˆä½œç”¨
SF Memorial,4.0,1677,479,2.405485986881336,84.76863446630888,28.56,SFçºªå¿µç¢‘,SFçºªå¿µç¢‘
Dust Seals,4.0,592,169,2.410472972972973,82.91554054054055,28.55,åƒåœ¾å¯†å°,åƒåœ¾å¯†å°
Hi-Tech Lab,4.0,990,282,2.4131313131313132,87.45555555555555,28.48,é«˜ç§‘æŠ€å®éªŒå®¤,é«˜ç§‘æŠ€å®éªŒå®¤
Toll Station,4.0,1398,398,2.4027181688125894,83.80472103004291,28.47,æ”¶è´¹ç«™,æ”¶è´¹ç«™
Mohole Area:ares,4.0,486,138,2.314814814814815,78.86008230452676,28.4,Mohole Area:ares,Mohole Area:ares
Imported GHG,4.0,1349,383,2.4106745737583397,82.24462564862861,28.39,å¼•å…¥æ¸©å®¤æ°”ä½“,å¼•å…¥æ¸©å®¤æ°”ä½“
Giant Space Mirror,4.0,835,237,2.444311377245509,84.44670658682635,28.38,å·¨å‹å¤ªç©ºé•œ,å·¨å‹å¤ªç©ºé•œ
Tectonic Stress Power,4.0,878,249,2.4339407744874717,85.86674259681094,28.36,æ„é€ åº”åŠ›èƒ½æº,æ„é€ åº”åŠ›èƒ½æº
Venus Orbital Survey,4.0,1425,404,2.4498245614035086,85.46245614035088,28.35,é‡‘æ˜Ÿè½¨é“å‹˜æµ‹,é‡‘æ˜Ÿè½¨é“å‹˜æµ‹
ğŸŒ¸åŸç”µè½¬èƒ½ğŸŒ¸,4.0,494,140,2.338056680161943,81.77935222672065,28.34,ğŸŒ¸åŸç”µè½¬èƒ½ğŸŒ¸,åŸç”µè½¬èƒ½
Lunar Beam,4.0,653,185,2.4226646248085757,83.06891271056662,28.33,æœˆçƒå°„çº¿,æœˆçƒå°„çº¿
Inventors' Guild,4.0,1279,362,2.4910086004691165,84.2384675527756,28.3,å‘æ˜å®¶å…¬ä¼š,å‘æ˜å®¶å…¬ä¼š
Extreme-Cold Fungus,4.0,649,183,2.3651771956856704,81.71494607087827,28.2,æå¯’çœŸèŒ,æå¯’çœŸèŒ
Hydrogen Processing Plant,4.0,419,118,2.372315035799523,86.31980906921241,28.16,æ°¢æ°”å¤„ç†å‚,æ°¢æ°”å¤„ç†å‚
Atmo Collectors,4.0,675,190,2.423703703703704,82.97777777777777,28.15,å¤§æ°”æ”¶è—å®¶,å¤§æ°”æ”¶è—å®¶
Nitrite Reducing Bacteria,4.0,675,190,2.348148148148148,84.62222222222222,28.15,äºšç¡é…¸ç›è¿˜åŸèŒ,äºšç¡é…¸ç›è¿˜åŸèŒ
Cryo-Sleep,4.0,1307,367,2.45141545524101,83.61438408569242,28.08,ä½æ¸©ç¡çœ ,ä½æ¸©ç¡çœ 
Black Polar Dust,4.0,374,105,2.358288770053476,79.53208556149733,28.07,é»‘è‰²çš„æåœ°å°˜åŸƒ,é»‘è‰²çš„æåœ°å°˜åŸƒ
Mohole Lake,4.0,620,174,2.3306451612903225,81.00645161290322,28.06,è«éœæ¹–,è«éœæ¹–
Private Security,4.0,264,74,2.518939393939394,85.81818181818181,28.03,ç§äººå®‰ä¿æœåŠ¡,ç§äººå®‰ä¿æœåŠ¡
Beam From A Thorium Asteroid,4.0,457,128,2.2822757111597376,87.41356673960613,28.01,é’è¡Œæ˜Ÿå°„çº¿,é’è¡Œæ˜Ÿå°„çº¿
Colonizer Training Camp,4.0,1078,302,2.4211502782931356,83.4721706864564,28.01,å¼€æ‹“è€…è®­ç»ƒè¥,å¼€æ‹“è€…è®­ç»ƒè¥
Maria,4.0,25,7,2.6,86.0,28.0,ç›ä¸½äºš,ç›ä¸½äºš
Rad-Suits,4.0,1079,302,2.438368860055607,84.53382761816496,27.99,é•­å°„æœ,é•­å°„æœ
Nuclear Power,4.0,922,258,2.4175704989154014,83.84815618221258,27.98,æ ¸èƒ½,æ ¸èƒ½
Marketing Experts,4.0,1093,305,2.42451967063129,83.84537968892955,27.9,è¥é”€ä¸“å®¶,è¥é”€ä¸“å®¶
Corporate Stronghold,4.0,671,187,2.354694485842027,81.66766020864381,27.87,å…¬å¸æ®ç‚¹,å…¬å¸æ®ç‚¹
Windmills,4.0,1290,359,2.3976744186046512,83.94186046511628,27.83,é£åŠ›å‘ç”µ,é£åŠ›å‘ç”µ
Ceres Tech Market,4.0,1690,470,2.3976331360946745,84.73550295857989,27.81,è°·ç¥æ˜Ÿç§‘æŠ€å¸‚åœº,è°·ç¥æ˜Ÿç§‘æŠ€å¸‚åœº
Processor Factory,4.0,169,47,2.378698224852071,89.53254437869822,27.81,å¤„ç†å™¨å·¥å‚,å¤„ç†å™¨å·¥å‚
Nuclear Zone:ares,4.0,1141,317,2.382997370727432,80.77212971078002,27.78,Nuclear Zone:ares,Nuclear Zone:ares
Space Station,4.0,1885,523,2.416976127320955,83.39310344827587,27.75,ç©ºé—´ç«™,ç©ºé—´ç«™
Rich Deposits,4.0,418,116,2.5191387559808613,79.94258373205741,27.75,ä¸°å¯ŒçŸ¿è—,ä¸°å¯ŒçŸ¿è—
Industrial Microbes,4.0,1031,286,2.4180407371483996,81.5800193986421,27.74,å·¥ä¸šå¾®ç”Ÿç‰©,å·¥ä¸šå¾®ç”Ÿç‰©
Parliament Hall,4.0,357,99,2.380952380952381,85.69467787114846,27.73,è®®ä¼šå¤§å…,è®®ä¼šå¤§å…
Bribed Committee,4.0,866,240,2.4942263279445727,82.02540415704388,27.71,è´¿èµ‚å§”å‘˜ä¼š,è´¿èµ‚å§”å‘˜ä¼š
Lunar Steel,4.0,852,236,2.4002347417840375,86.34037558685446,27.7,æœˆé’¢,æœˆé’¢
Solar Power,4.0,1160,321,2.4146551724137932,82.83275862068966,27.67,å¤ªé˜³èƒ½,å¤ªé˜³èƒ½
Biomass Combustors,4.0,394,109,2.4441624365482233,81.6725888324873,27.66,ç”Ÿç‰©é‡ç‡ƒçƒ§,ç”Ÿç‰©é‡ç‡ƒçƒ§
Mining Area,4.0,188,52,2.382978723404255,82.8936170212766,27.66,é‡‡çŸ¿åŒº,é‡‡çŸ¿åŒº
Oumuamua Type Object Survey,4.0,1237,342,2.4761519805982215,84.78092158447858,27.65,å¥¥é™Œé™Œå¤©ä½“è°ƒæŸ¥,å¥¥é™Œé™Œå¤©ä½“è°ƒæŸ¥
Ice Moon Colony,4.0,1065,294,2.3784037558685447,85.21784037558686,27.61,å†°æœˆæ®–æ°‘åœ°,å†°æœˆæ®–æ°‘åœ°
Research & Development Hub,4.0,326,90,2.4539877300613497,86.50613496932516,27.61,ç ”å‘ä¸­å¿ƒ,ç ”å‘ä¸­å¿ƒ
Supermarkets,4.0,790,218,2.448101265822785,84.51645569620253,27.59,è¶…å¸‚,è¶…å¸‚
Cloud Seeding,4.0,290,80,2.386206896551724,87.36551724137931,27.59,äººå·¥é™é›¨,äººå·¥é™é›¨
Early Expedition,4.0,715,197,2.406993006993007,83.35664335664336,27.55,æ—©æœŸæ¢é™©,æ—©æœŸæ¢é™©
Spin-Inducing Asteroid,4.0,610,168,2.4721311475409835,80.62622950819672,27.54,è‡ªæ—‹ç‰µå¼•é™¨çŸ³,è‡ªæ—‹ç‰µå¼•é™¨çŸ³
Botanical Experience,4.0,970,267,2.377319587628866,85.11752577319588,27.53,æ¤ç‰©ä¸“ä¸šçŸ¥è¯†,æ¤ç‰©ä¸“ä¸šçŸ¥è¯†
Electro Catapult,4.0,807,222,2.4411400247831474,83.33333333333333,27.51,ç”µç£å¼¹å°„å™¨,ç”µç£å¼¹å°„å™¨
Great Dam,4.0,40,11,2.325,79.05,27.5,å¤§å,å¤§å
Bio Printing Facility,4.0,507,139,2.3550295857988166,87.36489151873768,27.42,ç”Ÿç‰©æ‰“å°è®¾å¤‡,ç”Ÿç‰©æ‰“å°è®¾å¤‡
Natural Preserve:ares,4.0,930,255,2.3967741935483873,83.6258064516129,27.42,Natural Preserve:ares,Natural Preserve:ares
Mining Colony,4.0,1036,284,2.3957528957528957,84.83011583011583,27.41,é‡‡çŸ¿æ®–æ°‘åœ°,é‡‡çŸ¿æ®–æ°‘åœ°
Rotator Impacts,4.0,197,54,2.4111675126903553,80.55329949238579,27.41,å›æ—‹å†²æ’,å›æ—‹å†²æ’
Sponsored Mohole,4.0,234,64,2.393162393162393,80.51282051282051,27.35,è«éœè®¡åˆ’èµåŠ©,è«éœè®¡åˆ’èµåŠ©
Colonial Representation,4.0,607,166,2.375617792421746,87.08072487644152,27.35,æ®–æ°‘ä»£è¡¨æƒ,æ®–æ°‘ä»£è¡¨æƒ
Tool with the First Order (VIII),4.0,1039,284,2.4706448508180943,81.91049085659287,27.33,Tool with the First Order (VIII),Tool with the First Order (VIII)
Charity Donation,4.0,1362,372,2.474302496328928,83.38325991189427,27.31,æ…ˆå–„ææ¬¾,æ…ˆå–„ææ¬¾
Physics Complex,4.0,535,146,2.4560747663551403,87.12336448598131,27.29,ç‰©ç†ç ”ç©¶æ‰€,ç‰©ç†ç ”ç©¶æ‰€
Galilean Waystation,4.0,1063,290,2.454374412041392,85.25682031984948,27.28,ä¼½åˆ©ç•¥ä¸­è½¬ç«™,ä¼½åˆ©ç•¥ä¸­è½¬ç«™
Aristarchus Road Network,4.0,11,3,2.5454545454545454,95.36363636363636,27.27,é˜¿é‡Œæ–¯å¡”å…‹æ–¯è¡—é“ç½‘ç»œ,é˜¿é‡Œæ–¯å¡”å…‹æ–¯è¡—é“ç½‘ç»œ
Chemical Factory,4.0,11,3,2.272727272727273,86.18181818181819,27.27,åŒ–å·¥å‚,åŒ–å·¥å‚
Small Duty Rovers,4.0,11,3,2.909090909090909,93.54545454545455,27.27,å°å‹å±¥å¸¦è½¦ã€‚,å°å‹å±¥å¸¦è½¦ã€‚
Road Piracy,4.0,11,3,2.3636363636363638,107.0909090909091,27.27,Road Piracy,Road Piracy
Trans-Neptune Probe,4.0,1864,508,2.415236051502146,84.9533261802575,27.25,æµ·ç‹æ˜Ÿæ¢æµ‹å™¨,æµ·ç‹æ˜Ÿæ¢æµ‹å™¨
Power Grid,4.0,202,55,2.4405940594059405,85.29702970297029,27.23,ç”µç½‘,ç”µç½‘
Mohole Area,4.0,114,31,2.43859649122807,79.8859649122807,27.19,è¶…æ·±é’»åŒºåŸŸ,è¶…æ·±é’»åŒºåŸŸ
Archimedes Hydroponics Station,4.0,114,31,2.3947368421052633,92.26315789473684,27.19,é˜¿åŸºç±³å¾·æ°´åŸ¹ç«™,é˜¿åŸºç±³å¾·æ°´åŸ¹ç«™
Development Center,4.0,1298,352,2.4244992295839753,85.42141756548536,27.12,å‘å±•ä¸­å¿ƒ,å‘å±•ä¸­å¿ƒ
Small Comet,4.0,690,187,2.436231884057971,79.94927536231884,27.1,å°å½—æ˜Ÿ,å°å½—æ˜Ÿ
Outdoor Sports,4.0,812,220,2.4642857142857144,86.07881773399015,27.09,æˆ·å¤–è¿åŠ¨,æˆ·å¤–è¿åŠ¨
Solar Panel Foundry,4.0,96,26,2.5625,85.94791666666667,27.08,å¤ªé˜³èƒ½ç”µæ± é“¸é€ å‚,å¤ªé˜³èƒ½ç”µæ± é“¸é€ å‚
Earth Elevator,4.0,641,173,2.4789391575663027,85.7597503900156,26.99,åœ°çƒå¤ªç©ºæ¢¯,åœ°çƒå¤ªç©ºæ¢¯
Trade Envoys,4.0,764,206,2.4541884816753927,83.81806282722513,26.96,è´¸æ˜“ç‰¹ä½¿,è´¸æ˜“ç‰¹ä½¿
Titan Shuttles,4.0,1292,348,2.443498452012384,84.2376160990712,26.93,æ³°å¦ç©¿æ¢­æœº,æ³°å¦ç©¿æ¢­æœº
Deep Well Heating,4.0,1137,306,2.41688654353562,81.48197009674583,26.91,æ·±äº•åŠ çƒ­,æ·±äº•åŠ çƒ­
Thiolava Vents,4.0,372,100,2.4086021505376345,82.40591397849462,26.88,ç¡«ç†”å²©å–·å£,ç¡«ç†”å²©å–·å£
Rust Eating Bacteria,4.0,339,91,2.353982300884956,82.98230088495575,26.84,é”ˆèš€ç»†èŒ,é”ˆèš€ç»†èŒ
Strip Mine,4.0,433,116,2.4780600461893765,79.72979214780601,26.79,éœ²å¤©çŸ¿åœº,éœ²å¤©çŸ¿åœº
Lagrange Observatory,4.0,1971,528,2.454591577879249,81.70218163368848,26.79,æ‹‰æ ¼æœ—æ—¥è§‚å¯Ÿç‚¹,æ‹‰æ ¼æœ—æ—¥è§‚å¯Ÿç‚¹
Exploitation Of Venus,4.0,15,4,2.3333333333333335,95.2,26.67,é‡‘æ˜Ÿå¼€å‘,é‡‘æ˜Ÿå¼€å‘
Mining Market Insider,4.0,15,4,2.3333333333333335,-10.133333333333333,26.67,çŸ¿ä¸šå¸‚åœºå†…å¹•,çŸ¿ä¸šå¸‚åœºå†…å¹•
New Partner,4.0,1182,315,2.524534686971235,77.86463620981388,26.65,æ–°åˆä¼™äºº,æ–°åˆä¼™äºº
Hyperspace Drive Prototype,4.0,1099,292,2.434030937215651,85.80345768880801,26.57,è¶…ç©ºé—´é©±åŠ¨åŸå‹,è¶…ç©ºé—´é©±åŠ¨åŸå‹
Ore Processor,4.0,132,35,2.492424242424242,79.6969696969697,26.52,çŸ¿çŸ³åŠ å·¥å‚,çŸ¿çŸ³åŠ å·¥å‚
Aerobraked Ammonia Asteroid,4.0,166,44,2.391566265060241,87.03012048192771,26.51,æ°®æ°”å°è¡Œæ˜Ÿ,æ°®æ°”å°è¡Œæ˜Ÿ
ğŸŒ¸å»ºææ´åŠ©ğŸŒ¸,4.0,355,94,2.4985915492957744,81.09295774647887,26.48,ğŸŒ¸å»ºææ´åŠ©ğŸŒ¸,å»ºææ´åŠ©
Solar Reflectors,4.0,167,44,2.4491017964071857,82.0119760479042,26.35,å¤ªé˜³åå°„å™¨,å¤ªé˜³åå°„å™¨
Space Elevator,4.0,1120,295,2.4669642857142855,84.75,26.34,å¤ªç©ºç”µæ¢¯,å¤ªç©ºç”µæ¢¯
ArchaeBacteria,4.0,684,180,2.3698830409356724,81.94883040935673,26.32,å¤ç»†èŒç±»,å¤ç»†èŒç±»
Solar Cosmic Rays,4.0,270,71,2.4703703703703703,81.43703703703704,26.3,å¤ªé˜³å°„çº¿,å¤ªé˜³å°„çº¿
GHG Factories,4.0,240,63,2.4791666666666665,79.1,26.25,æ¸©å®¤æ°”ä½“å·¥å‚,æ¸©å®¤æ°”ä½“å·¥å‚
Lunar Exports,4.0,969,254,2.4953560371517027,83.95252837977296,26.21,æœˆçƒå‡ºå£,æœˆçƒå‡ºå£
Martian Fencing,4.0,1589,416,2.485210824417873,82.16991818753934,26.18,ç«æ˜Ÿå‡»å‰‘,ç«æ˜Ÿå‡»å‰‘
Acquired Company,4.0,921,241,2.534201954397394,81.95548317046688,26.17,å¹¶è´­å…¬å¸,å¹¶è´­å…¬å¸
Martian Media Center,4.0,371,97,2.504043126684636,80.79245283018868,26.15,ç«æ˜Ÿåª’ä½“ä¸­å¿ƒ,ç«æ˜Ÿåª’ä½“ä¸­å¿ƒ
Self-replicating Robots,4.0,304,79,2.523026315789474,85.22368421052632,25.99,è‡ªæˆ‘å¤åˆ¶æœºå™¨äºº,è‡ªæˆ‘å¤åˆ¶æœºå™¨äºº
Orbital Power Grid,4.0,77,20,2.4025974025974026,89.0909090909091,25.97,è½¨é“ç”µç½‘,è½¨é“ç”µç½‘
Economic Help,4.0,244,63,2.528688524590164,88.86475409836065,25.82,ç»æµæ´åŠ©,ç»æµæ´åŠ©
Potatoes,4.0,904,233,2.517699115044248,81.10287610619469,25.77,åœŸè±†,åœŸè±†
Search For Life,4.0,1103,284,2.501359927470535,82.04351767905712,25.75,å¯»æ‰¾ç”Ÿå‘½,å¯»æ‰¾ç”Ÿå‘½
Cyberia Systems,4.0,346,89,2.4826589595375723,85.1242774566474,25.72,èµ›åšåˆ©äºšç³»ç»Ÿ,èµ›åšåˆ©äºšç³»ç»Ÿ
Casinos,4.0,545,140,2.4990825688073395,83.8862385321101,25.69,èµŒåœº,èµŒåœº
Economic Espionage,4.0,308,79,2.477272727272727,85.34415584415585,25.65,ç»æµé—´è°æ´»åŠ¨,ç»æµé—´è°æ´»åŠ¨
Martian Survey,4.0,971,249,2.475798146240989,81.81977342945417,25.64,ç«æ˜Ÿå‹˜å¯Ÿ,ç«æ˜Ÿå‹˜å¯Ÿ
Law Suit,4.0,761,195,2.4296977660972403,85.03679369250986,25.62,è¯‰è®¼,è¯‰è®¼
Supercapacitors,4.0,978,250,2.483640081799591,82.50920245398773,25.56,è¶…çº§ç”µå®¹,è¶…çº§ç”µå®¹
Mine,4.0,971,247,2.480947476828012,82.48197734294541,25.44,é‡‡çŸ¿,é‡‡çŸ¿
Museum of Early Colonisation,4.0,433,110,2.489607390300231,85.79214780600462,25.4,æ®–æ°‘åšç‰©é¦†,æ®–æ°‘åšç‰©é¦†
Titanium Mine,4.0,1065,270,2.5492957746478875,82.03380281690141,25.35,é’›åˆé‡‘çŸ¿è„‰,é’›åˆé‡‘çŸ¿è„‰
Micro-Mills,4.0,468,118,2.4914529914529915,80.61538461538461,25.21,å°å‹é£è½¦,å°å‹é£è½¦
Heliostat Mirror Array,4.0,355,89,2.5605633802816903,81.30140845070423,25.07,æ—¥é•œé˜µåˆ—,æ—¥é•œé˜µåˆ—
Asimov,4.0,8,2,2.5,77.0,25.0,é˜¿è¥¿è«å¤«,é˜¿è¥¿è«å¤«
Clarke,4.0,12,3,2.25,81.33333333333333,25.0,å…‹æ‹‰å…‹,å…‹æ‹‰å…‹
Underground Habitat,4.0,20,5,2.4,92.9,25.0,åœ°ä¸‹æ –æ¯åœ°,åœ°ä¸‹æ –æ¯åœ°
Undermoon Drug Lords Network,4.0,4,1,2.25,-2.75,25.0,æ¯’æ­åœ°ä¸‹ç½‘ç»œ,æ¯’æ­åœ°ä¸‹ç½‘ç»œ
Guerilla Ecologists,4.0,8,2,2.125,91.875,25.0,æ¸¸å‡»ç”Ÿæ€å­¦å®¶,æ¸¸å‡»ç”Ÿæ€å­¦å®¶
Improved Moon Concrete,4.0,4,1,2.25,83.25,25.0,æ”¹è‰¯æœˆçƒæ··å‡åœŸ,æ”¹è‰¯æœˆçƒæ··å‡åœŸ
Subnautic Pirates,4.0,8,2,2.875,-79.75,25.0,æ°´ä¸‹æµ·ç›—,æ°´ä¸‹æµ·ç›—
Naomi,4.0,12,3,2.5833333333333335,93.25,25.0,å¨œå¥¥ç±³,å¨œå¥¥ç±³
Mooncrate Convoys To Mars,4.0,4,1,2.25,78.5,25.0,æœˆçƒè¿è¾“é˜Ÿå‰å¾€ç«æ˜Ÿ,æœˆçƒè¿è¾“é˜Ÿå‰å¾€ç«æ˜Ÿ
Revolting Colonists,4.0,4,1,2.25,118.5,25.0,å›ä¹±æ®–æ°‘è€…,å›ä¹±æ®–æ°‘è€…
Rover Drivers Union,4.0,4,1,2.25,109.75,25.0,æµæµªè€…å¸æœºå·¥ä¼š,æµæµªè€…å¸æœºå·¥ä¼š
L.T.F. Headquarters,4.0,8,2,2.875,87.875,25.0,L.T.F.æ€»éƒ¨,L.T.F.æ€»éƒ¨
Karen,4.0,32,8,2.28125,90.65625,25.0,å¡ä¼¦,å¡ä¼¦
Magnetic Field Generators,4.0,20,5,2.55,80.1,25.0,ç£åŠ›å‘åŠ¨æœº,ç£åŠ›å‘åŠ¨æœº
Syndicate Pirate Raids,4.0,12,3,2.3333333333333335,112.16666666666667,25.0,è¾›è¿ªåŠ æµ·ç›—è¢­å‡»,è¾›è¿ªåŠ æµ·ç›—è¢­å‡»
Subterranean Sea,4.0,12,3,2.4166666666666665,85.25,25.0,åœ°ä¸‹æµ·,åœ°ä¸‹æµ·
Directed Impactors,4.0,257,64,2.4202334630350193,86.36575875486382,24.9,å®šå‘å†²æ’å™¨,å®šå‘å†²æ’å™¨
Regolith Eaters,4.0,662,164,2.445619335347432,80.95468277945619,24.77,é£åŒ–å±‚èš•é£Ÿè€…,é£åŒ–å±‚èš•é£Ÿè€…
House Printing,4.0,972,240,2.4979423868312756,83.96090534979425,24.69,æˆ¿å±‹å°åˆ·,æˆ¿å±‹å°åˆ·
Geothermal Power,4.0,953,235,2.485834207764953,81.54774396642182,24.66,åœ°çƒ­èƒ½,åœ°çƒ­èƒ½
Food Factory,4.0,447,110,2.4675615212527964,84.86577181208054,24.61,é£Ÿå“å·¥å‚,é£Ÿå“å·¥å‚
Designed Microorganisms,4.0,616,151,2.4724025974025974,80.57792207792208,24.51,åˆ›é€ å¾®ç”Ÿç‰©,åˆ›é€ å¾®ç”Ÿç‰©
ğŸŒ¸ç ”ç©¶å‚¬åŒ–å‰‚ğŸŒ¸,4.0,221,54,2.6515837104072397,79.42986425339366,24.43,ğŸŒ¸ç ”ç©¶å‚¬åŒ–å‰‚ğŸŒ¸,ç ”ç©¶å‚¬åŒ–å‰‚
Small Open Pit Mine,4.0,701,170,2.559201141226819,79.3166904422254,24.25,å°é‡‡çŸ¿å‘,å°é‡‡çŸ¿å‘
Flat Mars Theory,4.0,269,65,2.591078066914498,80.74721189591078,24.16,ç«æ˜Ÿå¹³é¢ç†è®º,ç«æ˜Ÿå¹³é¢ç†è®º
Meltworks,4.0,491,118,2.4908350305498983,87.28309572301426,24.03,ç†”èå·¥å‚,ç†”èå·¥å‚
Ulrich,4.0,21,5,2.5238095238095237,85.61904761904762,23.81,ä¹Œå°”é‡Œå¸Œ,ä¹Œå°”é‡Œå¸Œ
Imported Heavy Machinery,4.0,21,5,2.7142857142857144,20.238095238095237,23.81,è¿›å£é‡å‹æœºæ¢°,è¿›å£é‡å‹æœºæ¢°
Fuel Factory,4.0,862,205,2.5684454756380513,80.5429234338747,23.78,æ²¹è„‚å·¥å‚,æ²¹è„‚å·¥å‚
Mare Nectaris Mine,4.0,17,4,2.3529411764705883,104.05882352941177,23.53,é…’æµ·çŸ¿å±±,é…’æµ·çŸ¿å±±
Red Appeasement,4.0,86,20,2.6627906976744184,79.80232558139535,23.26,çº¢è‰²å’Œè§£,çº¢è‰²å’Œè§£
Heat Trappers,4.0,284,66,2.535211267605634,79.8169014084507,23.24,çƒ­åŠ›æ•è·è€…,çƒ­åŠ›æ•è·è€…
Rey ... Skywalker?! (IX),4.0,290,67,2.527586206896552,80.63793103448276,23.1,Rey ... Skywalker?! (IX),Rey ... Skywalker?! (IX)
Gordon,4.0,13,3,2.5384615384615383,78.15384615384616,23.08,æˆˆç™»,æˆˆç™»
Aquifer Pumping,4.0,156,35,2.5448717948717947,81.2948717948718,22.44,å«æ°´å±‚æŠ½æ°´,å«æ°´å±‚æŠ½æ°´
Copernicus Solar Arrays,4.0,427,95,2.585480093676815,80.10070257611241,22.25,å“¥ç™½å°¼å¤ªé˜³èƒ½ç”µæ± ,å“¥ç™½å°¼å¤ªé˜³èƒ½ç”µæ± 
Comet Aiming,4.0,90,20,2.688888888888889,82.57777777777778,22.22,å½—æ˜Ÿç„å‡†,å½—æ˜Ÿç„å‡†
Lobbying Network,4.0,9,2,2.888888888888889,68.77777777777777,22.22,æ¸¸è¯´ç½‘ç»œ,æ¸¸è¯´ç½‘ç»œ
Will,4.0,18,4,2.7222222222222223,83.83333333333333,22.22,å¨å°”,å¨å°”
Quill,4.0,9,2,2.2222222222222223,25.333333333333332,22.22,å¥å°”,å¥å°”
Tunnel Boring Machine,4.0,9,2,2.3333333333333335,80.22222222222223,22.22,éš§é“æ˜è¿›æœº,éš§é“æ˜è¿›æœº
Neptunian Power Consultants,4.0,429,88,2.6363636363636362,80.91841491841492,20.51,æµ·ç‹æ˜Ÿèƒ½æºé¡¾é—®,æµ·ç‹æ˜Ÿèƒ½æºé¡¾é—®
Hackers,4.0,153,31,2.627450980392157,83.37908496732027,20.26,é»‘å®¢,é»‘å®¢
Luna Staging Station,4.0,10,2,2.6,57.9,20.0,æœˆçƒä¸­è½¬ç«™,æœˆçƒä¸­è½¬ç«™
Bjorn,4.0,10,2,2.7,75.1,20.0,æ¯”çº¦æ©,æ¯”çº¦æ©
Darkside Mining Syndicate,4.0,15,3,2.1333333333333333,110.06666666666666,20.0,æš—é¢çŸ¿ä¸šè”ç›Ÿ,æš—é¢çŸ¿ä¸šè”ç›Ÿ
Gaia City,4.0,10,2,2.6,84.5,20.0,ç›–äºšåŸå¸‚,ç›–äºšåŸå¸‚
Star Vegas,4.0,5,1,2.4,76.4,20.0,æ˜Ÿé™…ç»´åŠ æ–¯,æ˜Ÿé™…ç»´åŠ æ–¯
Earth Embassy,4.0,5,1,2.6,98.0,20.0,åœ°çƒå¤§ä½¿é¦†,åœ°çƒå¤§ä½¿é¦†
Underground Smuggling Ring,4.0,15,3,2.6,81.86666666666666,20.0,åœ°ä¸‹èµ°ç§é›†å›¢,åœ°ä¸‹èµ°ç§é›†å›¢
Corporate Theft,4.0,5,1,2.4,77.0,20.0,ä¼ä¸šç›—çªƒ,ä¼ä¸šç›—çªƒ
Earthquake Machine,4.0,10,2,2.7,77.8,20.0,åœ°éœ‡æœºå™¨,åœ°éœ‡æœºå™¨
Behemoth Excavator,4.0,15,3,2.8,86.73333333333333,20.0,å·¨å…½æŒ–æ˜æœº,å·¨å…½æŒ–æ˜æœº
Asteroid Hollowing,4.0,117,23,2.7606837606837606,79.5982905982906,19.66,è¡Œæ˜ŸæŒ–æ˜,è¡Œæ˜ŸæŒ–æ˜
Icy Impactors,4.0,114,22,2.6403508771929824,81.76315789473684,19.3,å†°ä½“æ’å‡»å™¨,å†°ä½“æ’å‡»å™¨
Lunar Dust Processing Plant,4.0,21,4,2.6666666666666665,108.71428571428571,19.05,æœˆçƒç°å¤„ç†å‚,æœˆçƒç°å¤„ç†å‚
Darkside Meteor Bombardment,4.0,21,4,2.5714285714285716,102.80952380952381,19.05,æš—é¢æµæ˜Ÿé›¨è½°å‡»,æš—é¢æµæ˜Ÿé›¨è½°å‡»
Microprobing Technology,4.0,21,4,2.8095238095238093,83.80952380952381,19.05,å¾®æ¢æµ‹æŠ€æœ¯,å¾®æ¢æµ‹æŠ€æœ¯
Underground Amusement Park,4.0,16,3,2.375,47.1875,18.75,åœ°ä¸‹æ¸¸ä¹å›­,åœ°ä¸‹æ¸¸ä¹å›­
Luna Project Office,4.0,16,3,2.5625,102.375,18.75,æœˆçƒé¡¹ç›®åŠå…¬å®¤,æœˆçƒé¡¹ç›®åŠå…¬å®¤
Nightclubs,4.0,11,2,2.727272727272727,93.54545454545455,18.18,å¤œæ€»ä¼š,å¤œæ€»ä¼š
New Colony Planning Initiatives,4.0,17,3,2.2941176470588234,67.88235294117646,17.65,New Colony Planning Initiatives,New Colony Planning Initiatives
Private Investigator,4.0,6,1,2.6666666666666665,-2.6666666666666665,16.67,ç§äººä¾¦æ¢,ç§äººä¾¦æ¢
Duncan,4.0,30,5,2.3333333333333335,41.86666666666667,16.67,é‚“è‚¯,é‚“è‚¯
Luna Archives,4.0,12,2,2.6666666666666665,99.0,16.67,æœˆçƒæ¡£æ¡ˆ,æœˆçƒæ¡£æ¡ˆ
Cosmic Radiation,4.0,6,1,2.5,97.0,16.67,å®‡å®™å°„çº¿,å®‡å®™å°„çº¿
"Staging Station ""Behemoth""",4.0,6,1,2.1666666666666665,15.833333333333334,16.67,"Staging Station ""Behemoth""","Staging Station ""Behemoth"""
Soletta,4.0,104,16,2.673076923076923,77.65384615384616,15.38,ç´¢è±å¡”,ç´¢è±å¡”
Deepmining,4.0,13,2,2.4615384615384617,85.38461538461539,15.38,æ·±å±‚é‡‡çŸ¿,æ·±å±‚é‡‡çŸ¿
L.T.F. Privileges,4.0,7,1,2.4285714285714284,113.85714285714286,14.29,L.T.F.ç‰¹æƒ,L.T.F.ç‰¹æƒ
Copernicus Tower,4.0,7,1,2.4285714285714284,108.14285714285714,14.29,å“¥ç™½å°¼å¡”,å“¥ç™½å°¼å¡”
Yvonne,4.0,7,1,2.4285714285714284,86.57142857142857,14.29,ä¼Šå†¯å¨œ,ä¼Šå†¯å¨œ
Heavy Duty Rovers,4.0,7,1,2.4285714285714284,117.71428571428571,14.29,é‡å‹æ¼«æ¸¸è½¦,é‡å‹æ¼«æ¸¸è½¦
Reckless Detonation,4.0,7,1,2.7142857142857144,77.0,14.29,é²è½å¼•çˆ†,é²è½å¼•çˆ†
HE3 Lobbyists,4.0,9,1,3.0,90.0,11.11,HE3æ¸¸è¯´è€…,HE3æ¸¸è¯´è€…
Water Treatment Complex,4.0,10,1,2.3,101.8,10.0,æ°´å¤„ç†å»ºç­‘ç¾¤,æ°´å¤„ç†å»ºç­‘ç¾¤
Huan,4.0,2,0,3.5,72.0,0.0,Huan,Huan
Titanium Extraction Center,4.0,1,0,4.0,92.0,0.0,é’›æå–ä¸­å¿ƒ,é’›æå–ä¸­å¿ƒ
Acidizing,4.0,1,0,2.0,106.0,0.0,é…¸åŒ–å¤„ç†,é…¸åŒ–å¤„ç†
Lowell,4.0,1,0,4.0,48.0,0.0,æ´›å„å°”,æ´›å„å°”
Off-World City Living,4.0,4,0,3.25,79.0,0.0,ç¦»åœ°åŸå¸‚ç”Ÿæ´»,ç¦»åœ°åŸå¸‚ç”Ÿæ´»
Planetary Rights Buyout,4.0,1,0,3.0,76.0,0.0,è¡Œæ˜Ÿæƒåˆ©æ”¶è´­,è¡Œæ˜Ÿæƒåˆ©æ”¶è´­
Stefan,4.0,6,0,3.1666666666666665,65.5,0.0,æ–¯ç‰¹å‡¡,æ–¯ç‰¹å‡¡
Gaia,4.0,2,0,3.5,76.5,0.0,ç›–äºš,ç›–äºš
Detective TV Series,4.0,4,0,3.0,-41.0,0.0,ä¾¦æ¢ç”µè§†ç³»åˆ—å‰§,ä¾¦æ¢ç”µè§†ç³»åˆ—å‰§
Neil,4.0,2,0,3.0,71.0,0.0,å°¼å°”,å°¼å°”
Lunar Trade Fleet,4.0,15,0,2.7333333333333334,64.26666666666667,0.0,æœˆçƒèˆ¹é˜Ÿ,æœˆçƒèˆ¹é˜Ÿ
Martian Embassy,4.0,1,0,3.0,100.0,0.0,ç«æ˜Ÿå¤§ä½¿é¦†,ç«æ˜Ÿå¤§ä½¿é¦†
Titanium Market Monopolists,4.0,3,0,3.0,95.0,0.0,é’›å¸‚åœºå„æ–­è€…,é’›å¸‚åœºå„æ–­è€…
Staged Protests,4.0,1,0,2.0,106.0,0.0, staged æŠ—è®®,staged æŠ—è®®
Momentum Virium Habitat,4.0,6,0,3.1666666666666665,76.16666666666667,0.0,åŠ¨èƒ½å±…ä½èˆ±,åŠ¨èƒ½å±…ä½èˆ±
HAL 9000,4.0,3,0,3.0,77.66666666666667,0.0,å“ˆå°”9000,å“ˆå°”9000
Robot Moles,4.0,5,0,3.0,74.8,0.0,æœºå™¨äººé’»åœ°é¼ ,æœºå™¨äººé’»åœ°é¼ 
Space Privateers,4.0,1,0,4.0,59.0,0.0,å¤ªç©ºç§æ è€…,å¤ªç©ºç§æ è€…
Ingrid,4.0,4,0,3.5,74.5,0.0,è‹±æ ¼ä¸½å¾·,è‹±æ ¼ä¸½å¾·
Luna Conference,4.0,3,0,2.6666666666666665,87.33333333333333,0.0,æœˆçƒä¼šè®®,æœˆçƒä¼šè®®
