rank,player_name,occurrences
1,绿色,1062
2,红色,1038
3,黄色,433
4,1,379
5,2,332
6,王振华,238
7,蓝色,228
8,Pink,195
9,紫色,128
10,明年,126
11,·牢大,114
12,DW,112
13,LW,108
14,刘,107
15,全,102
16,伟,97
17,张,91
18,李,91
19,晨,89
20,乐乐哥,88
21,乐,86
22,文杰,83
23,~木,82
24,黑色,72
25,孙,71
26,雞神,70
27,wyg,70
28,bhb,68
29,妹妹,65
30,~xia,64
31,樟狼,62
32,t,61
33,延斐,60
34,舒神,60
35,~ybb,58
36,jwt,58
37,GJ,56
38,大春,55
39,一帆,50
40,托,50
41,大悲,49
42,熊神,49
43,~请坐,49
44,Sdg,48
45,秋水抚墨,47
46,~htt,47
47,杨,47
48,梅梅,44
49,幻影联盟男人,44
50,王,43
51,飞,43
52,爛爛樟,42
53,村长,41
54,·5k1,39
55,J,39
56,曹,38
57,雞,37
58,你猜,37
59,熊猫仔,37
60,阿,36
61,·芜湖,36
62,Fat,36
63,星絮,36
64,康博,36
65,Cy,36
66,调和菜菜,35
67,屌屌默,35
68,·兔鱼,35
69,默神,35
70,3,33
71,ljt,32
72,Dbg,31
73,cy,31
74,断罪之枪,31
75,昊阳,30
76,琉璃,30
77,Q,30
78,S,30
79,`牢大,29
80,cett,28
81,l,28
82,啾啾,28
83,222✌,27
84,L,27
85,塔,27
86,棒棒雞,27
87,fat,27
88,阿酉,26
89,lyq,26
90,111✌,26
91,曹神,26
92,博,25
93,SDG,25
94,胡,25
95,sdg,25
96,安義,25
97,團長,25
98,·b猫,25
99,·铃铛,25
100,wyboar,25
101,请坐～,25
102,带恶人,24
103,妹抖,24
104,悲,24
105,wsj,24
106,dbg,24
107,向嘟嘟,24
108,mmmmbk,24
109,何,23
110,全神,23
111,蒋,23
112,🦆,23
113,慕奇,23
114,夜色,23
115,梁,23
116,chai,22
117,莉莉娅,22
118,月,22
119,zsb,22
120,·5637,22
121,兰,22
122,默,22
123,可汗近卫,22
124,🐔,22
125,三,22
126,谭火桑,22
127,猴猴,22
128,60,22
129,侯桑,21
130,蕊青✌,21
131,雞雞,21
132,·吃宝,21
133,群主,21
134,延长战线,21
135,郜,20
136,海蛞蝓,20
137,`芜湖,20
138,杰,20
139,FNF,20
140,~花,20
141,zao,20
142,wsc,20
143,落鹰,20
144,马,20
145,wdjc,19
146,小戴,19
147,齐,19
148,~xhh,19
149,gagagagaga,19
150,盖,19
151,~c,19
152,妹妹✌,19
153,🕊️🕊️🕊️,18
154,bqn,18
155,~ymm,18
156,请坐⊙▽⊙,18
157,~ikun,18
158,老登,18
159,DBG,18
160,zaozao,17
161,鹅子,17
162,白,17
163,城南派出所,17
164,~xll,17
165,兰舟,17
166,安璃,17
167,唐天✌,17
168,~币,17
169,唐天✌️,17
170,色样,17
171,瓜,17
172,b,17
173,~fx,17
174,熊,16
175,鬼鬼,16
176,哈吃,16
177,🥬,16
178,C.C,16
179,一只小哼,16
180,琪露诺,16
181,许老师,16
182,花,16
183,猪,16
184,a,16
185,姜丝,16
186,~华子,16
187,lyl,16
188,kain,16
189,雪糕,15
190,姐姐,15
191,杰斯,15
192,~,15
193,lnr,15
194,白夜,15
195,满星,15
196,翔,15
197,~cb,15
198,陈,15
199,懋,15
200,小羊同学,15
201,狂,15
202,姐姐✌,15
203,泡泡,15
204,泡泡114,15
205,姐姐( •̀ ω •́ )y,15
206,许壮✌,15
207,查尔斯伯爵,15
208,钰,15
209,七里,14
210,亲小于,14
211,闹,14
212,子规,14
213,ATAT,14
214,香,14
215,骑鹤,14
216,欧阳✌,14
217,伦,14
218,~兔鱼,14
219,唐天( •̀ ω •́ )y,14
220,DVD,14
221,老老曹,14
222,qxy,14
223,h,14
224,k,14
225,y,14
226,le,14
227,鸭,14
228,~chaosed,14
229,齊神,13
230,jws,13
231,吴某,13
232,袋,13
233,咕,13
234,韩某,13
235,蒋蒋,13
236,雄,13
237,qing,13
238,饱子妈,13
239,白老师,13
240,饱子爹,13
241,老周,13
242,枫糖奶昔,13
243,瓜皮,13
244,稚名,13
245,朱,13
246,妹妹( •̀ ω •́ )y,13
247,hjl,13
248,猫,13
249,black_UUZ ,13
250,噜噜,13
251,~桃,13
252,麦麦,13
253,零一,13
254,七月,12
255,哈,12
256,泉哥,12
257,幻影,12
258,鱼,12
259,周,12
260,ml,12
261,青冥,12
262,杀,12
263,帅帅帅,12
264,sif,12
265,啰啰,12
266,韩,12
267,沃夫杰斯,12
268,~konan,12
269,111( •̀ ω •́ )y,11
270,julov,11
271,龙,11
272,天赐,11
273,小王子,11
274,梓墨,11
275,恩泽,11
276,杨梅,11
277,懒神,11
278,🐷🐷🐷,11
279,豪哥,11
280,欧阳,11
281,李智凯,11
282,断崖梅,11
283,勳,11
284,许壮( •̀ ω •́ )y,11
285,`铃铛,11
286,章鱼哥,11
287,漂亮丹丹,11
288,姚,11
289,钟,11
290,欧阳✌️,11
291,xihuanmawei,11
292,蛙,11
293,陆,11
294,许老师耶,11
295,rα—1n ,11
296,H,11
297,猛猛熊,11
298,黑岛,11
299,🐒,11
300,king,11
301,·岚,11
302,吾,11
303,维维老师,11
304,小康,11
305,阿胡,11
306,LJC,11
307,旺,11
308,扶月,11
309,方,10
310,薯饼,10
311,`5k1,10
312,~玉米面,10
313,copy.chang,10
314,小爱小爱,10
315,八,10
316,~虾,10
317,🕊,10
318,浮光掠影,10
319,lcx,10
320,臭,10
321,茄,10
322,xbb,10
323,维克托,10
324,康康,10
325,冰块谢谢,10
326,🐦,10
327,丁某,10
328,wjc,10
329,蕉太狼,10
330,小梭,10
331,君,10
332,延长,10
333,wu,10
334,大白,10
335,茶,10
336,大大雞,10
337,折言,10
338,You,10
339,思远,10
340,雪菜,10
341,甲鱼,10
342,水,10
343,sb,10
344,唐,9
345,酱油骨,9
346,~大海,9
347,蕊青( •̀ ω •́ )y,9
348,WL,9
349,王老师,9
350,邓,9
351,蛋,9
352,👑🌳🌳,9
353,梦,9
354,sw,9
355,`5637,9
356,tade,9
357,qyf,9
358,axc,9
359,carl01 ,9
360,增,9
361,猴,9
362,虎王,9
363,泡泡泡泡我爱泥,9
364,ir,9
365, x118,9
366,yzhh,9
367,`吃宝,9
368,查尔斯,9
369,插死伯爵,9
370,q,9
371,~云,9
372,xrk,9
373,wybao,9
374,~  ,9
375,猫尾,9
376,小先生,9
377,小崔,9
378,软糯泡泡,9
379,艾老师,9
380,默默,9
381,江,8
382,hikaru3,8
383,潘,8
384,JJ,8
385,黄,8
386,鬼軍曹,8
387,冯,8
388,小羊耶,8
389,大海王,8
390,joe3,8
391,33,8
392,s,8
393,鑫,8
394,kkz,8
395,侯,8
396,狂狂全,8
397,剑,8
398,阿馒,8
399,222( •̀ ω •́ )y,8
400,云,8
401,小爱,8
402,~信,8
403,卷卷卷卷卷卷,8
404,千寻,8
405,灵玖,8
406,lsj,8
407,·☁️,8
408,吃宝,8
409,D,8
410,牛瓜瓜,8
411,顺子,8
412,赛尔娅,8
413,4,8
414,百合,8
415,XBB,8
416,林,8
417,季风,8
418,~ym,8
419,T,8
420,Linhao,8
421,lance,8
422,芳,8
423,问题,8
424,😴,8
425,申,8
426,chovy,8
427,Guyida,7
428,·ct,7
429,威利博士,7
430,沐雨橙风 ,7
431,🍮🐱,7
432,莉莉娅.,7
433,小爱.,7
434,50,7
435,煎三文鱼,7
436,zsy,7
437,皮尔利,7
438,林雨甜,7
439,黑,7
440,周杰伦,7
441,无语1306,7
442,归零,7
443,鸡,7
444,FAT,7
445,sbjc,7
446,zhy,7
447,景少,7
448,工作猫,7
449,门,7
450,~夹,7
451,禁忌之门,7
452,麥神,7
453,小张,7
454,桃花,7
455,硕,7
456,汪,7
457,呼呼✌,7
458,bocat,7
459,dog,7
460,对酒,7
461,宋,7
462,第十,7
463,~铃铛,7
464,強強舒,7
465,jiyu,7
466,歐西里斯的天空舒,7
467,👴,7
468,~芜湖,7
469,c,7
470,的士,7
471,AXC,7
472,许壮✌️,7
473,绿,7
474,曹曹,7
475,~高达,7
476,王百合,7
477,wcl,7
478,j,7
479,奇,7
480,鸭鸭,7
481,❤️,7
482,~🔔,7
483,leaf,6
484,嘿嘿( •̀ ω •́ )y,6
485,呼呼( •̀ ω •́ )y,6
486,帅哥,6
487,可汗近卫114,6
488,wuyu1306,6
489,天海,6
490,Sn,6
491,红,6
492,佛爷,6
493,yuyuy,6
494,3333333333,6
495,柴,6
496,~小纪,6
497,lby,6
498,King,6
499,豆子哥,6
500,星空,6
501,冰茶,6
502,ysx,6
503,gz,6
504,combocombo,6
505,qs,6
506,嘿嘿✌,6
507,清风114,6
508,xg,6
509,x118 ,6
510,xya,6
511,wyx,6
512,雷,6
513,橘子树,6
514,Yj老师,6
515,牢许,6
516,大雄,6
517,宇哥,6
518,Gumimi,6
519,秋水,6
520,小麦麦,6
521,铁队长,6
522,老师,6
523,PMQ,6
524,~居居画,6
525,haoge,6
526,天哥,6
527,清酒,6
528,炮,6
529,woowoo ,6
530,禁忌114514,6
531,~雪原,6
532,A,6
533,LDY,6
534,霜,6
535,泡泡114514,6
536,魏,6
537,ialand,6
538,老蒯,6
539,夏江小春,6
540,星霜,6
541,🐈鸽,6
542,天平,6
543,gagagaga,5
544,~画,5
545,强,5
546,达子,5
547,hc,5
548,玛薇卡,5
549,lwz,5
550,宁,5
551,行者,5
552,小晗,5
553,兰润东,5
554,蛞蝓猫,5
555,高帆,5
556,潘子,5
557,`yuan,5
558,拂晓,5
559,范,5
560,烤肉,5
561,肖,5
562,雨夜,5
563,S貓,5
564,德美兵,5
565,能猫,5
566,远朝,5
567,sinu,5
568,悲畜,5
569,~🐰,5
570,~维维老师,5
571,🚁,5
572,凡凡,5
573,伸,5
574,🐭,5
575,~ysx,5
576,氨,5
577,许老板✌️,5
578,戴,5
579,弟弟,5
580,zjc,5
581,小,5
582,zjj,5
583,yj.,5
584,凌老板,5
585,浩子,5
586,~🌸,5
587,zhd,5
588,村,5
589,胞,5
590,薯,5
591,生医,5
592,昕,5
593,景,5
594,仙儿,5
595,小鸡,5
596,麻哈114,5
597,立斐,5
598,~居居,5
599,33333,5
600,皮尔.,5
601,胖,5
602,熙泽,5
603,鹅鹅鹅鹅鹅鹅,5
604,瑶光,5
605,alzat,5
606,~北川,5
607,tc,5
608,许老板,5
609,王思成,5
610,舟遥,5
611,紫,5
612,🐶,5
613,欧阳( •̀ ω •́ )y,5
614,首字母,5
615,333333333,5
616,念咒,5
617,Tiro,5
618,正邪,5
619,猛猛全,5
620,eyu,5
621,羲和,5
622,狗,5
623,冰块,5
624,sxz,5
625,阿賢,5
626,圆某船,5
627,老c,5
628,果酱,5
629,O,5
630,33333333,5
631,yj,5
632,全民超人,5
633,悲处,5
634,币,5
635,mio ,5
636,cbwin,5
637,^_^,5
638,胖哥,5
639,~胡胡喵,5
640,·🚁,5
641,·🦆,5
642,lzj,5
643,威,5
644,weixing,4
645,Roxy,4
646,子墨,4
647,无情,4
648,猛猛曹,4
649,B,4
650,pw,4
651,heidao,4
652,一只吃饭的猫,4
653,SB,4
654,熊熊,4
655,yunda,4
656,🐘,4
657,卷卷卷卷卷卷卷,4
658,bsylh ,4
659,:P,4
660,东,4
661,mizhiyu,4
662,~雩喵喵,4
663,~居居桃,4
664,鸾镜,4
665,tjb,4
666,一乐,4
667,蒋蒋蒋蒋蒋,4
668,Y,4
669,清,4
670,佳仪✌️,4
671,泽芳,4
672,陶,4
673,姐姐✌️,4
674,小廖,4
675,chiken,4
676,🙂🙂🙂,4
677,壮,4
678,侯明,4
679,鸽子王,4
680,闹闹,4
681,花花花花花,4
682,喻,4
683,歐貝利斯克的巨神熊,4
684,本,4
685,mhb,4
686,可爱,4
687,Ysx~~,4
688,小白兔,4
689,paul,4
690,仙儿仙儿,4
691,硕哥,4
692,蔡,4
693,老螭,4
694,阿胡阿胡,4
695,lx,4
696,马斯克,4
697,強強默,4
698,康,4
699,冷殇www ,4
700,chief,4
701,陈昕,4
702,徐,4
703,白里,4
704,鼠,4
705,天使闹儿,4
706,~十七,4
707,洲,4
708,邪恶大黄,4
709,叻嘟,4
710,小白猫,4
711,刘林,4
712,木鱼,4
713,哈基米,4
714,renxy,4
715,💤,4
716,33333333333,4
717,LNR,4
718,林小鱼,4
719,高,4
720,喵,4
721,仙儿.,4
722,S.MY,4
723,L.XF,4
724,🐵,4
725,wdnmdlaugh,4
726,偷摸大雞,4
727,doro,4
728,小星星,4
729,吴,4
730,花花花花花花,4
731,马雪梅,4
732,听雪,4
733,闹闹闹闹闹闹闹,4
734,杰克霜精,4
735,⭐️,4
736,凯,4
737,🎄,4
738,😅,4
739,桐,4
740,小狗,4
741,熊麻吉,4
742,🌰,4
743,Lena,4
744,花卷儿,4
745,鸽北,4
746,秦云飞,4
747,~cali,4
748,王思诚,4
749,柴柴子酱,4
750,·cali,4
751,florence,4
752,狂狂麥,4
753,曹冲冲,4
754,镜,4
755,马冬梅,4
756,3333333,4
757,柠檬,4
758,香烟,4
759,银子,4
760,🔥,4
761,361cps,4
762,qin_xiao_yu,4
763,yanshu,4
764,脑,4
765,~居居花,4
766,~吃宝,4
767,~岁月,4
768,佳荣,4
769,🐋,4
770,草,4
771,捏风,4
772,晨星z,4
773,理想,4
774,zyh,4
775,阿艺,4
776,j哥,4
777,妹妹✌️,4
778,p哥,4
779,~wmm,4
780,liao,4
781,lrh,3
782,蓝,3
783,HGH,3
784,小帅,3
785,小茄,3
786,皮,3
787,猩猩,3
788,70,3
789,五十铃,3
790,领航者,3
791,狂狂舒,3
792,伊铃,3
793,黄河,3
794,郑鸿义,3
795,惠惠,3
796,竹,3
797,蜩,3
798,果的奶茶,3
799,小美,3
800,荷叶,3
801,高桥羽,3
802,竟然有人,3
803,果冻,3
804,卷卷卷卷卷,3
805,刺猬,3
806,蓝胖舌吻双头龙,3
807,蝦子,3
808,苑火猴,3
809,鹅鹅鹅鹅鹅,3
810,花卷卷卷卷,3
811,舟遥酱,3
812,坦闪个好玩游戏,3
813,空空,3
814,xixo3,3
815,syh,3
816,cbw,3
817,老虎,3
818,中建九局,3
819,闹闹闹闹闹闹,3
820,~华,3
821,srs ,3
822,cmt,3
823,花花花花花花花,3
824,~笨雩,3
825,探索者,3
826,夜神,3
827,22222,3
828,雄雄,3
829,箫,3
830,❤,3
831,老魏,3
832,阿非法,3
833,素涵,3
834,桌游盒,3
835,一只桐桐,3
836,mu,3
837,·cellinia,3
838,漂亮姐姐,3
839,·云,3
840,♥,3
841,才羽桃井,3
842,如花,3
843,sjt,3
844,rxyyy,3
845,·屈先生,3
846,小可爱,3
847,qinchen1027 ,3
848,~xiaaaaaa,3
849,宇,3
850,老公仔,3
851,尼古拉耶维基 ,3
852,老婆仔,3
853,羊,3
854,b猫,3
855,minty,3
856,西蒙,3
857,圆,3
858,花花,3
859,Hollowind,3
860,ZR,3
861,大炮,3
862,nuannuan,3
863,SRS ,3
864,乱星海,3
865,🍉,3
866,烨,3
867,吴用之人 ,3
868,文,3
869,b🐱,3
870,傑克霜精,3
871,柯柯,3
872,A醬,3
873,⚪,3
874,零七,3
875,CHX,3
876,远织,3
877,httttttttttt,3
878,·ce,3
879,~🐟,3
880,✌✌,3
881,( •̀ ω •́ )y,3
882,枪火,3
883,bb,3
884,1号,3
885,2号,3
886,桃,3
887,情歌,3
888,原始人,3
889,南瓜,3
890,+,3
891,奇哥,3
892,五块一,3
893,嘎嘎嘎嘎嘎,3
894,CLLL,3
895,胖子,3
896,XX1,3
897,馋,3
898,咪老公,3
899,凡凡凡凡,3
900,f,3
901,犇,3
902,🔥🔥🔥,3
903,老孙,3
904,~lb,3
905,⑨,3
906,33天下第一,3
907,枫,3
908,唯时代尔,3
909,wxy,3
910,鬼,3
911,姐夫,3
912,INaRi,3
913,猛猛舒,3
914,臭臭,3
915,赤,3
916,冒险家,3
917,31,3
918,袋袋,3
919,xyn,3
920,狗咕,3
921,狗皮虾,3
922,坦闪,3
923,马师傅,3
924,rao,3
925,勾,3
926,李sir,3
927,😍,3
928,tjl,3
929,小朋友司机,3
930,张泽鸿,3
931,jiangjiang,3
932,袁神,3
933,开支,3
934,oao嘎瑞,3
935,Ashley,3
936,莉利娅,3
937,5637·,3
938,Jules,3
939,航,3
940,柳五,3
941,锐,3
942,~tmr,3
943,噜噜🐻,3
944,樟頭鼠目,3
945,·b🐱,3
946,lsw,3
947,老王老王,3
948,豆浆,3
949,阳鱼,3
950,假,3
951,~硬,3
952,F,3
953,不,3
954,瞎逼逼,3
955,夹夹,3
956,CHAOS,3
957,5k1~,3
958,5637~,3
959,芜湖~,3
960,蝶梦,3
961,老婆,3
962,老公,3
963,鸽,3
964,fx--,3
965,d,3
966,黑神,3
967,西安澄闪,3
968,~YJ老师,3
969,~硬币,3
970,梁书欣,3
971,·🐱,3
972,·🐷,3
973,·night,3
974,文河,3
975,🌝🌝,3
976,強強勳,3
977,我,3
978,老麦,3
979,Haozi,3
980,小黑-带娃,3
981,Applepy,3
982,TWZ,3
983,WZHDY2,3
984,白可爱捏,3
985,杰特,3
986,baba,3
987,mama,3
988,酱油,3
989,·yuan,3
990,达,3
991,~牢大,3
992,三野,3
993,白老师，,3
994,喜喜✌,3
995,王文楷,3
996,jaz1,3
997,暴君大熊,3
998,刘昆,3
999,中国,3
1000,~居,3
1001,德美兵鉴赏家,3
1002,托马斯,3
1003,苦,3
1004,米奇,3
1005,~☁️,3
1006,lzy,3
1007,Jesse,3
1008,~❀,3
1009,阿胡.,3
1010,叶叶,3
1011,羊羊,3
1012,雷电将军,3
1013,~猫阀,3
1014,tracy,3
1015,xxxt,3
1016,yellow,3
1017,下雨,3
1018,主人,3
1019,零洛易,3
1020,居居梨 ,3
1021,鸽子在咕,3
1022,·麻瓜,3
1023,黑色贝利亚,3
1024,红薯🍠,3
1025,小白湖,3
1026,杨sir,3
1027,小不,3
1028,小猫,3
1029,YJ老师,3
1030,珂哥,3
1031,火之高兴,3
1032,龙牙,3
1033,番茄🍅,3
1034,厌武,3
1035,蕉某,3
1036,~xh,3
1037,dawei,3
1038,~沐雨橙风,3
1039,妖,3
1040,老三,3
1041,小色鹅,3
1042,顺,3
1043,焖猪,3
1044,小辰,3
1045,sqh,3
1046,嘉瑞,3
1047,聂滔,3
1048,秩序,3
1049,坑,3
1050,维维。,3
1051,小小红,3
1052,1111✌,3
1053,大伟,3
1054,強強麥,3
1055,余,3
1056,。。。,3
1057,博思,3
1058,土豆🥔,3
1059,2222,3
1060,1111,3
1061,chef,3
1062,清风哥哥,3
1063,duck,3
1064,睡觉组长,3
1065,401坤,3
1066,401睿,3
1067,cb,3
1068,~居居币,3
1069,紫蔷薇,3
1070,ree,3
1071,mjh,3
1072,Qincen,3
1073,平凡,3
1074,玻璃剑,3
1075,chenlei,3
1076,为哥,3
1077,2222✌,3
1078,利,2
1079,叶,2
1080,black,2
1081,宋炜,2
1082,铁,2
1083,卑劣的朱,2
1084,楚楚,2
1085,cbh',2
1086,炫,2
1087,猪小小,2
1088,巴尼-没娃,2
1089,wsq,2
1090,沛泽,2
1091,小余,2
1092,瞿帅,2
1093,宋炜  ,2
1094,強強全,2
1095,瓶子,2
1096,天使闹,2
1097,p,2
1098,水滴,2
1099,人夫-带娃,2
1100,军师,2
1101,木匠-带娃,2
1102,Chiyo,2
1103,徐文峰,2
1104,2✌,2
1105,-秦静,2
1106,玖,2
1107,胖虎,2
1108,ui,2
1109,君不動遊,2
1110,77,2
1111,冰凌,2
1112,TBB,2
1113,官,2
1114,333333,2
1115,cyx2,2
1116,武騰遊勳,2
1117,UI,2
1118,大汗,2
1119,ybbbbbbbbbbbb,2
1120,JS,2
1121,淡伤krmy,2
1122,口可口可口可,2
1123,dwx,2
1124,北,2
1125,xhhhhhhhhhh,2
1126,giao哥,2
1127,随行,2
1128,1✌,2
1129,王文凯,2
1130,小乖,2
1131,Flo,2
1132,阿彥,2
1133,米,2
1134,空条承太郎 ,2
1135,Spurs,2
1136,？神,2
1137,uiouuf,2
1138,小母狗,2
1139,啰啰🐖,2
1140,遊十代默,2
1141,曼神,2
1142,george sun ,2
1143,黑心公司,2
1144,Yj,2
1145,全女公司,2
1146,粉色奶油,2
1147,11234,2
1148,美女迪丽丹,2
1149,达莉亚,2
1150,小米,2
1151,野兽宋仲基,2
1152,PAUL,2
1153,初2兔子,2
1154,🍮猫,2
1155,虾,2
1156,带恶人114,2
1157,鸽皇,2
1158,樊阳,2
1159,酒桌🐶,2
1160,星月,2
1161,窑窑窑窑窑窑,2
1162,万魔殿,2
1163,buchi,2
1164,招核,2
1165,疾风,2
1166,芭芭露亚,2
1167,不二二,2
1168,东风谷早苗,2
1169,糖,2
1170,王小王,2
1171,送得快,2
1172,🐻,2
1173,dazi,2
1174,xiaowei,2
1175,夹,2
1176,跟你们爆了！！！,2
1177,美国,2
1178,图,2
1179,淡,2
1180,犇子,2
1181,konan---,2
1182,6mmmm ,2
1183,夜夜,2
1184,PMQ🐷,2
1185,琨,2
1186,意大利面导致我晕碳,2
1187,LDY🐻,2
1188,~苍,2
1189,饼干2,2
1190,mesu,2
1191,插鼠伯爵,2
1192,可汗,2
1193,bym,2
1194,钮,2
1195,wqz,2
1196,饼干🍪,2
1197,cao,2
1198,zhd222,2
1199,卷土重来,2
1200,秦玉淳,2
1201,xht,2
1202,椎名千夜,2
1203,小六,2
1204,挠痒痒,2
1205,白老师。,2
1206,唐甜,2
1207,奥哥,2
1208,zhangpiao,2
1209,布莱恩,2
1210,ALZAT,2
1211,du c k,2
1212,Egg,2
1213,吮指原味鸡,2
1214,雪碧🐶,2
1215,神,2
1216,马林斯克,2
1217,魔法啾啾,2
1218,许壮！！,2
1219,rxlose,2
1220,狗头已黑化,2
1221,小吉.,2
1222,张小花,2
1223,神兜兜,2
1224,~cq,2
1225,小酒,2
1226,rxdate,2
1227,路人，,2
1228,猎龙者,2
1229,fuduji,2
1230,~konna,2
1231,蕊青！！！！,2
1232,振尧,2
1233,唐天！！！,2
1234,欧阳！,2
1235,王姨,2
1236,yangjiang,2
1237,~jiajia,2
1238,黑鬼,2
1239,YSX~~,2
1240,煜城,2
1241,Två,2
1242,Ett,2
1243,创创,2
1244,shallow2025,2
1245,庆东,2
1246,rx3d,2
1247,~c区,2
1248,-cb,2
1249,~好困,2
1250,~蝶梦,2
1251,TAO,2
1252,yikelandan,2
1253,史大帅,2
1254,旺财,2
1255,宋大宝,2
1256,羊大美,2
1257,小阴暗,2
1258,江鬼,2
1259,YELLOW,2
1260,-穹妹,2
1261,狗头（已黑化）,2
1262,雪碧1,2
1263,小绿,2
1264,浮可草,2
1265,小纪.,2
1266,钱,2
1267,猫阀,2
1268,🌚🌚,2
1269,杨老师，,2
1270,~夹蛆,2
1271,暗,2
1272,🐔👑,2
1273,王佳雯,2
1274,傻蛋,2
1275,HRE,2
1276,lmy,2
1277,刘玄烨,2
1278,特朗普,2
1279,~币池雩,2
1280,~虾吃雩,2
1281,~1,2
1282,~ik,2
1283,瓜哥,2
1284,~hua,2
1285,bt,2
1286,·五块一,2
1287,欧盟,2
1288,🐲,2
1289,妹妹✌🏻,2
1290,姐姐✌🏻,2
1291,suEwujia123,2
1292,🍍,2
1293,博丽灵梦,2
1294,bie,2
1295,位子,2
1296,志,2
1297,斌,2
1298,志威,2
1299,贾瑞,2
1300,~花痴雩,2
1301,~居居虾,2
1302,~居居信,2
1303,月半合鸟,2
1304,猴桑,2
1305,居居 ,2
1306,大头,2
1307,Chao,2
1308,~鱼宝,2
1309,BZY,2
1310,BXY,2
1311,唐天👴,2
1312,br,2
1313,高兴,2
1314,蕊青✌️,2
1315,歐貝利斯克的巨神默,2
1316,太陽神的翼神麥,2
1317,dddddora,2
1318,~ww,2
1319,火龙,2
1320,烟,2
1321,许壮🍃,2
1322,~巧克力硬币,2
1323,~红烧虾,2
1324,佳薇,2
1325,rxyyyyy,2
1326,志位,2
1327,chieribot·,2
1328,文和,2
1329,咖喱,2
1330,~雩,2
1331,小马,2
1332,木星大哥被对面抓走啦 ,2
1333,屁,2
1334,ki ,2
1335,大石坝,2
1336,都市报,2
1337,冰,2
1338,edge,2
1339,zhijie,2
1340,职位,2
1341,小则,2
1342,savingnoob ,2
1343,gzh,2
1344,小贝宁,2
1345,喝稀饭,2
1346,鉴赏家,2
1347,调和菜菜 ,2
1348,许老师哇,2
1349,🐉🐉🐉,2
1350,~吃亡灵,2
1351,atat,2
1352,硬币,2
1353,下降小春,2
1354,dy,2
1355,·c,2
1356,~牢硬币,2
1357,~硬币恰虾,2
1358,太陽神的翼神齊,2
1359,水下114,2
1360,~we,2
1361,~yj,2
1362,dyy,2
1363,谋曹丕,2
1364,比,2
1365,yr,2
1366,dqx,2
1367,~xin,2
1368,~bi,2
1369,YWJ,2
1370,百鬼夜行,2
1371,maoge,2
1372,zbt,2
1373,焦太狼,2
1374,g,2
1375,HJL,2
1376,大车干,2
1377,螺号耶耶耶,2
1378,小羊耶耶耶,2
1379,捭阖,2
1380,政协,2
1381,☔️,2
1382,🌷,2
1383,sevensins,2
1384,~ki,2
1385,blue,2
1386,小伙子,2
1387,Keroro軍曹,2
1388,cth,2
1389,lyb,2
1390,buqi,2
1391,~cs,2
1392,sn,2
1393,yzz,2
1394,假装有名字,2
1395,小象超市,2
1396,K,2
1397,王中鹤,2
1398,娇妻,2
1399,红磷,2
1400,许壮11,2
1401,蕊青11,2
1402,草田,2
1403,袁,2
1404,智慧,2
1405,勇气,2
1406,zwb,2
1407,土拔鼠,2
1408,强哥,2
1409,穆罕默德,2
1410,付,2
1411,红色( •̀ ω •́ )y,2
1412,太陽神的翼神熊,2
1413,冼,2
1414,Zhang,2
1415,雞排,2
1416,忧郁大喷菇,2
1417,奕,2
1418,yht,2
1419,常,2
1420,哈哈( •̀ ω •́ )y,2
1421,萌妹,2
1422,候桑,2
1423,超哥,2
1424,随便,2
1425,大麥克,2
1426,~5k,2
1427,小轩,2
1428,鹏,2
1429,tbg-rui,2
1430,~瓜西,2
1431,~小朱,2
1432,~林小九,2
1433,贝宁,2
1434,~mg,2
1435,青蛙,2
1436,`五块一,2
1437,天才,2
1438,jlb,2
1439,~木木,2
1440,沪爷,2
1441,RainySugar9,2
1442,路人,2
1443,车,2
1444,竹林七賢,2
1445,我是第一✌️,2
1446,H2O2,2
1447,`cali,2
1448,Dary,2
1449,Pat,2
1450,乞饭冲凉,2
1451,参宿,2
1452,折,2
1453,泽方,2
1454,麻哈爱音,2
1455,hxy_,2
1456,`night,2
1457,wc,2
1458,凤燃,2
1459,5637,2
1460,laoL,2
1461,DG,2
1462,XH,2
1463,笑,2
1464,哈哈✌,2
1465,亚格,2
1466,鹿野,2
1467,熊爸,2
1468,朱浩,2
1469,ybbbbbbbbbb,2
1470,~yb,2
1471,扶小菜,2
1472,男主,2
1473,施施,2
1474,xiaohq,2
1475,o,2
1476,🌱,2
1477,👴👴,2
1478,菜菜,2
1479,狗哥,2
1480,展,2
1481,Dora,2
1482,天闹,2
1483,思达,2
1484,花卷天下第一,2
1485,~zt,2
1486,寒怨,2
1487,卷卷卷,2
1488,花花花花,2
1489,萌新ee,2
1490,~七,2
1491,鹅鹅鹅鹅子,2
1492,shippiu225,2
1493,孔万鑫,2
1494,袋袋袋,2
1495,debu,2
1496,lj,2
1497,欧阳11,2
1498,yao,2
1499,wmx,2
1500,Den,2
1501,邪恶小熊,2
1502,崔,2
1503,宝,2
1504,~b猫,2
1505,语梦千寻,2
1506,死神磊子,2
1507,yi,2
1508,出逃人间,2
1509,曹老板,2
1510,x,2
1511,银氨,2
1512,YJ.,2
1513,Monday,2
1514,闹子,2
1515,雷猴,2
1516,杀杀杀,2
1517,咕咕咕,2
1518,黄处,2
1519,丹丹,2
1520,卷卷卷卷卷卷卷卷卷,2
1521,遥控器,2
1522,龙渊,2
1523,inder,2
1524,宣迪,2
1525,smz,2
1526,野人,2
1527,zzzzzkkkkkbbbbb,2
1528,灯泡,2
1529,Tao,2
1530,楷,2
1531,小小雞,2
1532,亚,2
1533,方方,2
1534,👄👄👄,2
1535,BQN,2
1536,XXXXXXXXX,2
1537,yuyuyuyuy,2
1538,老马,2
1539,郑hy,2
1540,3333333333333333,2
1541,源,2
1542,香香,2
1543,wyboar114,2
1544,~幕,2
1545,闫,2
1546,R,2
1547,大红,2
1548,XX2,2
1549,Fluorine,2
1550,祁半夏,2
1551,一顺方114,2
1552,LKKK,2
1553,说笑人,2
1554,glx,2
1555,天线宝宝,2
1556,無,2
1557,matrix ,2
1558,lyf,2
1559,ficsit,2
1560,超级电容器,2
1561,出神入华,2
1562,花花儿,2
1563,sakanatamagoringo,2
1564,不消耗名字的硬币 ,2
1565,YZHH,2
1566,杂鱼仙儿,2
1567,baolei,2
1568,lyz,2
1569,~鸽鸽,2
1570,维维,2
1571,赵子云,2
1572,宇崽,2
1573,找史大王,2
1574,屎黄,2
1575,401七,2
1576,库帅,2
1577,学,2
1578,~五块一,2
1579,菊花,2
1580,牛牛,2
1581,~聚聚币,2
1582,~聚聚花,2
1583,拜拜,2
1584,PENG0011,2
1585,仲达,2
1586,坤,2
1587,打到扭曲怪,2
1588,hdl,2
1589,xiaaaaaa,2
1590,小9,2
1591,der,2
1592,杂鱼小爱,2
1593,小紫,2
1594,小白人,2
1595,希诺宁,2
1596,yyyyyyyyyyy,2
1597,美团,2
1598,饿了么,2
1599,京东,2
1600,任星宇,2
1601,sandfastista,2
1602,longya,2
1603,135starrysky,2
1604,小白吃,2
1605,shun,2
1606,白厄,2
1607,~tao,2
1608,尼哥,2
1609,Shine,2
1610,Rippin,2
1611,dao,2
1612,Sd,2
1613,华,2
1614,🔔,2
1615,yj。,2
1616,✌RED,2
1617,一,2
1618,yuyi,2
1619,gump,2
1620,xiuxian123,2
1621,杨老师,2
1622,废液,2
1623,开罗,2
1624,天使闹闹,2
1625,人夫,2
1626,ljc,2
1627,木匠,2
1628,~宝,2
1629,jyf,2
1630,🐯🐯🐯,2
1631,镜子,2
1632,小邓,2
1633,洛,2
1634,信,2
1635,赫宝赫宝我爱你,2
1636,gj,2
1637,KZJ,2
1638,医学牛马,2
1639,大B,2
1640,仓鼠,2
1641,401yr,2
1642,401dqx,2
1643,GREEN✌,2
1644,tmr ,2
1645,刘神,2
1646,眼÷,2
1647,ZZK,2
1648,聖安,2
1649,無名,2
1650,明石,2
1651,狂狂曹,2
1652,迪,2
1653,xxxxxxx,2
1654,圣气,2
1655,路人老师,2
1656,畅儿,2
1657,BLACK,2
1658,wl,2
1659,王洛,2
1660,粉耗,2
