rank,player_name,matched_user,match_type,occurrences
1,qinchen1027,qinchen1027,exact,1065
2,carl01,carl01,exact,571
3,mio,mio,exact,521
4,ALON,alon,case_insensitive,432
5,ç©ç«æ˜Ÿ,ç©ç«æ˜Ÿ,exact,431
6,æ„¿ä»”wish,æ„¿ä»”wish,exact,427
7,ç•ªè–¯ä¼é¹…,ç•ªè–¯ä¼é¹…,exact,413
8,å±ˆå…ˆç”Ÿ,å±ˆå…ˆç”Ÿ,exact,395
9,ikun,ikun,exact,382
10,bosir,bosir,exact,353
11,æœ¨æ˜Ÿå¤§å“¥è¢«å¯¹é¢æŠ“èµ°å•¦,æœ¨æ˜Ÿå¤§å“¥è¢«å¯¹é¢æŠ“èµ°å•¦,exact,341
12,comboo,comboo,exact,297
13,ä¸‡ç‰©,ä¸‡ç‰©,exact,296
14,æ²é›¨æ©™é£,æ²é›¨æ©™é£,exact,283
15,tmr,tmr,exact,271
16,é›ªæ«»,é›ªæ«»,exact,263
17,ä¹¦è®°,ä¹¦è®°,exact,257
18,woowoo,woowoo,exact,255
19,kanna,kanna,exact,255
20,ALOON,aloon,case_insensitive,249
21,æ— æ¢¦,æ— æ¢¦,exact,245
22,YZ,yz,case_insensitive,241
23,è€è°­,è€è°­,exact,238
24,å±…å±…é›©,å±…å±…é›©,exact,219
25,æ¸…æºå¦™é“,æ¸…æºå¦™é“,exact,213
26,aloon,aloon,exact,205
27,hero,hero,exact,186
28,raaaay,raaaay,exact,180
29,æµæ˜Ÿå°å‚»ç“œ,æµæ˜Ÿå°å‚»ç“œ,exact,169
30,å¤šå•¦aæ¢¦,å¤šå•¦aæ¢¦,exact,160
31,äº‘å°˜,äº‘å°˜,exact,159
32,å¥¥æ–¯å¡,å¥¥æ–¯å¡,exact,158
33,è€ç‹,è€ç‹,exact,155
34,carl,carl,exact,155
35,çŒ«å’Œè€é¼ ,çŒ«å’Œè€é¼ ,exact,155
36,ç©ºæ¡æ‰¿å¤ªéƒ,ç©ºæ¡æ‰¿å¤ªéƒ,exact,152
37,æœˆå§¬,æœˆå§¬,exact,144
38,ashland,ashland,exact,141
39,ki,ki,exact,134
40,aipotu,aipotu,exact,133
41,éœ²è‚©é“ä»”,éœ²è‚©é“ä»”,exact,130
42,å¸¦æ¶äºº6324,å¸¦æ¶äºº6324,exact,129
43,Misaki,Misaki,exact,128
44,èŒ„åŠªåŠ›,èŒ„åŠªåŠ›,exact,127
45,æ°´é¬¼,æ°´é¬¼,exact,126
46,miio,miio,exact,125
47,çœ¼é•œèƒ¡åœ°,çœ¼é•œèƒ¡åœ°,exact,125
48,æ´›æ½‡,æ´›æ½‡,exact,124
49,é›¶é£Ÿæ„¿ä»”,é›¶é£Ÿæ„¿ä»”,exact,124
50,66å¤§äºº,66å¤§äºº,exact,123
51,é’é’,é’é’,exact,123
52,index,index,exact,121
53,meow328,meow328,exact,119
54,jjc,jjc,exact,119
55,bsylh,bsylh,exact,118
56,moon,moon,exact,117
57,æŒ‚b,æŒ‚b,exact,116
58,å´ç”¨ä¹‹äºº,å´ç”¨ä¹‹äºº,exact,115
59,æ¡Œæ¸¸ç±³,æ¡Œæ¸¸ç±³,exact,115
60,742856151,742856151,exact,113
61,zhu791229,zhu791229,exact,110
62,åŠæœˆ2,åŠæœˆ2,exact,105
63,xiang.fan,xiang.fan,exact,104
64,fenglin_18,fenglin_18,exact,103
65,ST IZEM,st izem,case_insensitive,102
66,yangswag,yangswag,exact,101
67,æŠ½ç‰Œ=æŠ½è‡ªå·±,æŠ½ç‰Œ=æŠ½è‡ªå·±,exact,100
68,Î¼!,Î¼!,exact,100
69,90,90,exact,99
70,TL,tl,case_insensitive,98
71,é©±å²©ä¹‹åŠ›,é©±å²©ä¹‹åŠ›,exact,98
72,lha123com,lha123com,exact,97
73,12345,12345,exact,97
74,cellinia,cellinia,exact,95
75,Martin,martin,case_insensitive,94
76,liu,liu,exact,93
77,anvelbeta,anvelbeta,exact,93
78,æµ®ç”Ÿè‹¥æ¢¦,æµ®ç”Ÿè‹¥æ¢¦,exact,93
79,6mmmm,6mmmm,exact,92
80,ç¦å¿Œ,ç¦å¿Œ,exact,92
81,lolierl,lolierl,exact,91
82,tree,tree,exact,89
83,SA,sa,case_insensitive,88
84,ä¹™æœ¨,ä¹™æœ¨,exact,88
85,ç›®ç©ºä¸€åˆ‡,ç›®ç©ºä¸€åˆ‡,exact,87
86,vikiy,vikiy,exact,87
87,beichen,beichen,exact,87
88,hikaru,hikaru,exact,86
89,è¿œé‡æ±‰å¨œ,è¿œé‡æ±‰å¨œ,exact,86
90,useful,useful,exact,86
91,ç”°äºŒ,ç”°äºŒ,exact,85
92,Cellinia,cellinia,case_insensitive,84
93,YXsu,yxsu,case_insensitive,83
94,æµ·è´¼ç‹,æµ·è´¼ç‹,exact,83
95,Pocky,pocky,case_insensitive,83
96,xiyue,xiyue,exact,82
97,dgxtony,dgxtony,exact,82
98,neko,neko,exact,82
99,ä¹…åˆ«è¾,ä¹…åˆ«è¾,exact,81
100,shippou225,shippou225,exact,81
101,hxy,hxy,exact,81
102,åƒã€,åƒã€,exact,79
103,å†¬ã®èŠ±,å†¬ã®èŠ±,exact,79
104,HMS,hms,case_insensitive,79
105,hanmoyesang,hanmoyesang,exact,78
106,å°æ¸Š,å°æ¸Š,exact,77
107,æœ¨æ›´å°å§å¯çˆ±æ,æœ¨æ›´å°å§å¯çˆ±æ,exact,76
108,é™Œä¸–ä¹‹å½±,é™Œä¸–ä¹‹å½±,exact,76
109,è’é‡ä¾¦æ¢2666,è’é‡ä¾¦æ¢2666,exact,75
110,ä¸œä¸œ,ä¸œä¸œ,exact,75
111,åœ°çƒå¼¹å°„è£…ç½®,åœ°çƒå¼¹å°„è£…ç½®,exact,75
112,æˆ˜æœ¯ç‚¸è½¦,æˆ˜æœ¯ç‚¸è½¦,exact,74
113,bolas,bolas,exact,74
114,ç±³é¥­,ç±³é¥­,exact,74
115,leyline,leyline,exact,73
116,zhutoujie88,zhutoujie88,exact,73
117,å¥¥æœ—å¾·,å¥¥æœ—å¾·,exact,73
118,æ‰­æ›²æ€ª,æ‰­æ›²æ€ª,exact,70
119,qiuqipeng,qiuqipeng,exact,70
120,é›¨å“‰å—å…®,é›¨å“‰å—å…®,exact,70
121,crosshappy,crosshappy,exact,69
122,xp,xp,exact,68
123,å¬é£è†é›¨,å¬é£è†é›¨,exact,68
124,äºç«‹è¨€BEN,äºç«‹è¨€ben,case_insensitive,66
125,x118,x118,exact,66
126,çŒ«çŒ«,çŒ«çŒ«,exact,65
127,ç‹å­,ç‹å­,exact,65
128,ä¸€æ¡œæŠ˜çº¸,ä¸€æ¡œæŠ˜çº¸,exact,65
129,lingdang,lingdang,exact,63
130,é£é£é£,é£é£é£,exact,63
131,rÎ±â€”1n,rÎ±â€”1n,exact,62
132,mzc,mzc,exact,61
133,åŒ—é£å¹,åŒ—é£å¹,exact,61
134,å°éŸ³,å°éŸ³,exact,60
135,kirtust,kirtust,exact,59
136,ç­‰ä¸ƒæœˆã®é›ª,ç­‰ä¸ƒæœˆã®é›ª,exact,59
137,å½©è™¹,å½©è™¹,exact,59
138,Thlee0203,thlee0203,case_insensitive,58
139,45,45,exact,57
140,å°å†‰,å°å†‰,exact,56
141,é›©å–µå–µ,é›©å–µå–µ,exact,56
142,kano,kano,exact,56
143,LIDAI,lidai,case_insensitive,54
144,twotwo,twotwo,exact,53
145,æµ·å¸¦tt,æµ·å¸¦tt,exact,53
146,å±…å±…æœ¨,å±…å±…æœ¨,exact,53
147,æ¡¶è£…ä¼é¹…,æ¡¶è£…ä¼é¹…,exact,52
148,ä¾ å®¢è°‹,ä¾ å®¢è°‹,exact,52
149,å”¯ä¸€çœŸç†,å”¯ä¸€çœŸç†,exact,51
150,liyo,liyo,exact,51
151,wwh,wwh,exact,50
152,fdpat04,fdpat04,exact,49
153,å°èŠ±ç«,å°èŠ±ç«,exact,49
154,104728036,104728036,exact,49
155,é’çœ¼ç™½èœ,é’çœ¼ç™½èœ,exact,49
156,xu,xu,exact,49
157,å°éº¦,å°éº¦,exact,49
158,dolphin159,dolphin159,exact,49
159,æ™“é»‘,æ™“é»‘,exact,48
160,è™šç©ºè½¦ç¥,è™šç©ºè½¦ç¥,exact,48
161,wanxiangchengguan,wanxiangchengguan,exact,48
162,misaki,Misaki,case_insensitive,47
163,å°z,å°z,exact,47
164,é˜¿å°”,é˜¿å°”,exact,47
165,lihao,lihao,exact,46
166,shoye,shoye,exact,46
167,èµ¤ç‹é™µ,èµ¤ç‹é™µ,exact,45
168,re,re,exact,45
169,_xiaobai_yyds_,_xiaobai_yyds_,exact,44
170,è‚‰äº†ä¸ªåŒ…,è‚‰äº†ä¸ªåŒ…,exact,44
171,åŒå­,åŒå­,exact,44
172,æ¶é­”ç©å¶,æ¶é­”ç©å¶,exact,44
173,z,å°z,alias,44
174,å½¼å²¸èŠ±,å½¼å²¸èŠ±,exact,44
175,â˜†ç½‘â˜†ç»œâ˜†æš´â˜†åŠ›â˜†,â˜†ç½‘â˜†ç»œâ˜†æš´â˜†åŠ›â˜†,exact,43
176,å¥¥æ‘©æ‘©,å¥¥æ‘©æ‘©,exact,43
177,è´å¶æ–¯,è´å¶æ–¯,exact,43
178,chan,chan,exact,43
179,requiemia,requiemia,exact,42
180,é£é£,é£é£,exact,42
181,è¿é£å¸ƒé˜µ,è¿é£å¸ƒé˜µ,exact,42
182,è½¬ç¬san,è½¬ç¬san,exact,42
183,sjenka,sjenka,exact,42
184,alon,alon,exact,41
185,zihan sun,zihan sun,exact,41
186,peach,peach,exact,40
187,å†·æ®‡www,å†·æ®‡www,exact,40
188,Askera,askera,case_insensitive,40
189,ğŸ””â¤ï¸ğŸ’¤,ğŸ””â¤ï¸ğŸ’¤,exact,40
190,SZH,szh,case_insensitive,40
191,quda,quda,exact,39
192,zuididi,zuididi,exact,39
193,rjw,rjw,exact,38
194,é˜¿æ´‹,é˜¿æ´‹,exact,38
195,tmbisheng,tmbisheng,exact,37
196,muyu-a,muyu-a,exact,37
197,çš®å„¿åˆ©,çš®å„¿åˆ©,exact,37
198,memq,memq,exact,37
199,æ–‡è¿œ,æ–‡è¿œ,exact,36
200,dprd,dprd,exact,36
201,yuqi,yuqi,exact,36
202,yuechen,yuechen,exact,36
203,å‡çš„é›ªæ¨±,å‡çš„é›ªæ¨±,exact,35
204,shorst,shorst,exact,35
205,ç›Šè¾¾,ç›Šè¾¾,exact,35
206,9death,9death,exact,34
207,wq,wq,exact,34
208,maozhuzi,maozhuzi,exact,34
209,æˆ‘æ˜¯çŒ«é˜€å¤§äºº,æˆ‘æ˜¯çŒ«é˜€å¤§äºº,exact,34
210,ç«å½±å¿è€…,ç«å½±å¿è€…,exact,34
211,WMsnow,wmsnow,case_insensitive,34
212,ooc1997,ooc1997,exact,33
213,Liyo,liyo,case_insensitive,33
214,ğŸ±ğŸ±ğŸŸğŸ–ğŸ–,ğŸ±ğŸ±ğŸŸğŸ–ğŸ–,exact,33
215,act5st,act5st,exact,33
216,è°ƒå’Œå¸ˆ,è°ƒå’Œå¸ˆ,exact,32
217,uniruss,uniruss,exact,32
218,156_20000000,156_20000000,exact,32
219,wilhelm,wilhelm,exact,32
220,ç‹—è¿åŠ©æˆ‘,ç‹—è¿åŠ©æˆ‘,exact,32
221,è¯å°˜ğŸŸ,è¯å°˜ğŸŸ,exact,31
222,ç™½é“¶,ç™½é“¶,exact,31
223,æˆ¦ã‚ãªã‘ã‚Œã°æ­»ã¬,æˆ¦ã‚ãªã‘ã‚Œã°æ­»ã¬,exact,31
224,lidai,lidai,exact,31
225,åˆ¶è£è‹æ€»çš„é»„sir,åˆ¶è£è‹æ€»çš„é»„sir,exact,31
226,äº”äº¿ä¸ªé“ƒé“›,äº”äº¿ä¸ªé“ƒé“›,exact,31
227,mcore,mcore,exact,31
228,george sun,george sun,exact,31
229,Wanxiangchengguan,wanxiangchengguan,case_insensitive,30
230,shoval,shoval,exact,29
231,å¤©å¤©æ˜¯å¥½å¤©,å¤©å¤©æ˜¯å¥½å¤©,exact,29
232,Huasong,Huasong,exact,29
233,è‘«èŠ¦å¨ƒ,è‘«èŠ¦å¨ƒ,exact,29
234,nep,nep,exact,29
235,è“è“é¹¿,è“è“é¹¿,exact,29
236,å°ç¬¨è›‹é“ƒé“›,å°ç¬¨è›‹é“ƒé“›,exact,29
237,sun96,sun96,exact,29
238,mkspencer233,mkspencer233,exact,29
239,å°åè›‹å±…å±…,å°åè›‹å±…å±…,exact,28
240,scatoladesu,scatoladesu,exact,28
241,æ—¶å°˜,æ—¶å°˜,exact,28
242,sargeras,sargeras,exact,28
243,colinlin,colinlin,exact,28
244,æ–°å‡ å†…äºšçš„çŒ´ç‹,æ–°å‡ å†…äºšçš„çŒ´ç‹,exact,28
245,é…¸å¥¶,é…¸å¥¶,exact,28
246,æ‚²çµç¬‘éª¨,æ‚²çµç¬‘éª¨,exact,27
247,sailij,sailij,exact,27
248,xiaojiang,xiaojiang,exact,27
249,dddylan,dddylan,exact,27
250,å•¦å•¦å•¦,å•¦å•¦å•¦,exact,26
251,è‰é±¼,è‰é±¼,exact,26
252,é­æ¨åˆš,é­æ¨åˆš,exact,26
253,matrix,matrix,exact,26
254,å¤§åè›‹å±…å±…,å¤§åè›‹å±…å±…,exact,26
255,é±¼è§,é±¼è§,exact,26
256,j89101212,j89101212,exact,26
257,å°å¿ƒå°æ–°å°æ˜Ÿ,å°å¿ƒå°æ–°å°æ˜Ÿ,exact,25
258,jiaa,jiaa,exact,25
259,bamboozy,bamboozy,exact,25
260,å±…å±…,å±…å±…,exact,25
261,a522645017,a522645017,exact,25
262,å‰‘çš‡,å‰‘çš‡,exact,25
263,esddse1,esddse1,exact,25
264,junne,junne,exact,25
265,æ‰èœä¸€æ±¤,æ‰èœä¸€æ±¤,exact,25
266,ğŸ°ğŸŸ,ğŸ°ğŸŸ,exact,25
267,ç«æ˜Ÿå¨,ç«æ˜Ÿå¨,exact,25
268,å›§å›§æ‰“äºº,å›§å›§æ‰“äºº,exact,25
269,ä¹æ–¹è ¡,ä¹æ–¹è ¡,exact,24
270,çº¢èŒ¶,çº¢èŒ¶,exact,24
271,monk,monk,exact,24
272,æ™šé’Ÿ,æ™šé’Ÿ,exact,24
273,æ±‰å ¡åŒ…,æ±‰å ¡åŒ…,exact,24
274,æ¸…é£æ‹‚è¿‡,æ¸…é£æ‹‚è¿‡,exact,24
275,å°æ°´å…ˆæ£®,å°æ°´å…ˆæ£®,exact,24
276,moe,moe,exact,24
277,ys,ys,exact,24
278,maguawang,maguawang,exact,23
279,æœˆè‰²,æœˆè‰²,exact,23
280,æˆ‘å°±æ˜¯æˆ‘,æˆ‘å°±æ˜¯æˆ‘,exact,23
281,Maya01,maya01,case_insensitive,23
282,ç‹®å“¥,ç‹®å“¥,exact,23
283,wjcxymy,wjcxymy,exact,22
284,æ˜Ÿè¿¹,æ˜Ÿè¿¹,exact,22
285,æ«å¶ç¬å¤,æ«å¶ç¬å¤,exact,22
286,hangrui,hangrui,exact,22
287,ç”˜é›¨,ç”˜é›¨,exact,22
288,mzw,mzw,exact,22
289,anan,anan,exact,22
290,darisen,darisen,exact,22
291,é“¶æ°¨æº¶æ¶²,é“¶æ°¨æº¶æ¶²,exact,22
292,æ¨çƒ,æ¨çƒ,exact,22
293,naf-fly,naf-fly,exact,22
294,efhk,efhk,exact,21
295,å°åè›‹é“ƒé“›,å°åè›‹é“ƒé“›,exact,21
296,night,night,exact,21
297,lova,lova,exact,21
298,ç¦¾ç¦¾,ç¦¾ç¦¾,exact,21
299,å°é­,å°é­,exact,21
300,é‡å±±,é‡å±±,exact,21
301,ä¸€ä¸ªé‡Œçº³ç±³çš„,ä¸€ä¸ªé‡Œçº³ç±³çš„,exact,21
302,ç«æ˜ŸçŒ«,ç«æ˜ŸçŒ«,exact,21
303,frank62214,frank62214,exact,21
304,é˜´å¥‰é˜³we,é˜´å¥‰é˜³we,exact,21
305,caliloft,caliloft,exact,21
306,é’èŠ±é±¼,é’èŠ±é±¼,exact,21
307,xuty,xuty,exact,20
308,jiang.cc,jiang.cc,exact,20
309,å¼ é£,å¼ é£,exact,20
310,ä¸šé—®,ä¸šé—®,exact,20
311,è€æ,è€æ,exact,20
312,1494164074,1494164074,exact,20
313,Echo,echo,case_insensitive,20
314,jz258,jz258,exact,20
315,chiyu001,chiyu001,exact,20
316,fklmgj,fklmgj,exact,20
317,åˆä¹‹æ™´å¤©,åˆä¹‹æ™´å¤©,exact,20
318,fyf,fyf,exact,20
319,æš—é»‘ç»¿çš®,æš—é»‘ç»¿çš®,exact,20
320,çº¢çƒ§çŠç‘šé±¼,çº¢çƒ§çŠç‘šé±¼,exact,19
321,zhulong233,zhulong233,exact,19
322,çš®å¡ä¸˜,çš®å¡ä¸˜,exact,19
323,æ°æ°,æ°æ°,exact,19
324,è‰¾è’™ä¸­æ³•,è‰¾è’™ä¸­æ³•,exact,19
325,alex861504,alex861504,exact,19
326,Raaaay,raaaay,case_insensitive,19
327,æ·±æ©™æµ…æ©™1102,æ·±æ©™æµ…æ©™1102,exact,19
328,xixo,xixo,exact,19
329,langqiu,langqiu,exact,19
330,è¾¾è¾¾,è¾¾è¾¾,exact,19
331,Jecin,jecin,case_insensitive,19
332,æ€é”,æ€é”,exact,19
333,huasong,Huasong,case_insensitive,19
334,kahala,kahala,exact,19
335,black_UUZ,black_UUZ,exact,19
336,karozz,karozz,exact,19
337,NPCXiGua,NPCXiGua,exact,18
338,ç¾Šç¾Šé˜Ÿç«‹å¤§åŠŸ,ç¾Šç¾Šé˜Ÿç«‹å¤§åŠŸ,exact,18
339,MMPDJ,mmpdj,case_insensitive,18
340,èŠå£«æ³¥é¸­,èŠå£«æ³¥é¸­,exact,18
341,å±…å±…æ¢¨,å±…å±…æ¢¨,exact,18
342,dogfly,dogfly,exact,18
343,kanon,kanon,exact,18
344,arcticus,arcticus,exact,18
345,wuser,wuser,exact,18
346,å­å¿ å˜‰åˆ,å­å¿ å˜‰åˆ,exact,18
347,tian8848,tian8848,exact,18
348,alpha7777,alpha7777,exact,18
349,oldfan,oldfan,exact,18
350,fengling,fengling,exact,18
351,yuy,yuy,exact,18
352,zslzsl,zslzsl,exact,18
353,æéº»éº»åœ°,æéº»éº»åœ°,exact,18
354,åŸå—,åŸå—,exact,18
355,å¾’æ‰‹å¼€æ ¹å·,å¾’æ‰‹å¼€æ ¹å·,exact,18
356,é’é¸¾qwq,é’é¸¾qwq,exact,18
357,å°æ‹‡æŒ‡,å°æ‹‡æŒ‡,exact,17
358,é™†æ—¶,é™†æ—¶,exact,17
359,ç‹—å¤´,ç‹—å¤´,exact,17
360,milky,milky,exact,17
361,pocky,pocky,exact,17
362,xiakejuny,xiakejuny,exact,17
363,ç¾Šç¾Šç¾Š,ç¾Šç¾Šç¾Š,exact,17
364,æ±‰è£”,æ±‰è£”,exact,17
365,bellaa,bellaa,exact,17
366,yukikaze,yukikaze,exact,17
367,akhaskj,akhaskj,exact,17
368,xxx,xxx,exact,17
369,osu,osu,exact,17
370,æ°¸è¿œ,æ°¸è¿œ,exact,17
371,gezi,gezi,exact,17
372,fenyue,fenyue,exact,17
373,é˜¿è«,é˜¿è«,exact,17
374,æ˜Ÿæ˜Ÿ,æ˜Ÿæ˜Ÿ,exact,17
375,dwdw,dwdw,exact,17
376,èŠœæ¹–,èŠœæ¹–,exact,16
377,æ¥“è¯,æ¥“è¯,exact,16
378,çœŸé¦™,çœŸé¦™,exact,16
379,nydzsf,nydzsf,exact,16
380,llluuu,llluuu,exact,16
381,joe,joe,exact,16
382,duoyu222,duoyu222,exact,16
383,Kanesiphy,kanesiphy,case_insensitive,16
384,æ«å¶,æ«å¶,exact,16
385,çš®å°”å˜¶,çš®å°”å˜¶,exact,16
386,Kano,kano,case_insensitive,16
387,ä¸€éƒ¨åˆ†äºº,ä¸€éƒ¨åˆ†äºº,exact,16
388,jbhfpku,jbhfpku,exact,16
389,hongquan,hongquan,exact,16
390,eleco,eleco,exact,16
391,æ˜Ÿé“ƒ2,æ˜Ÿé“ƒ2,exact,16
392,å°¼å¤æ‹‰è€¶ç»´åŸº,å°¼å¤æ‹‰è€¶ç»´åŸº,exact,16
393,lizard009,lizard009,exact,16
394,é“±æ˜Ÿ,é“±æ˜Ÿ,exact,15
395,kingofweisuo,kingofweisuo,exact,15
396,franklinChan,FranklinChan,case_insensitive,15
397,å¤§ç†ŠçŒ«,å¤§ç†ŠçŒ«,exact,15
398,å¾¡å®ˆåƒä¾,å¾¡å®ˆåƒä¾,exact,15
399,cyzwq567,cyzwq567,exact,15
400,å¸½å­1,å¸½å­1,exact,15
401,min,min,exact,15
402,å½’æ¥,å½’æ¥,exact,15
403,æ¬§é˜³å¸æœº,æ¬§é˜³å¸æœº,exact,15
404,ç‚¹å­,ç‚¹å­,exact,15
405,qzy,qzy,exact,15
406,deemo98,deemo98,exact,15
407,my9281,my9281,exact,15
408,å·¦ä»™äººæ±Ÿä¸œ,å·¦ä»™äººæ±Ÿä¸œ,exact,15
409,yuan,yuan,exact,14
410,sahur,sahur,exact,14
411,jzymz,jzymz,exact,14
412,å§å±±çœ‹æ°´,å§å±±çœ‹æ°´,exact,14
413,dinnerv5,dinnerv5,exact,14
414,muscari,muscari,exact,14
415,çŒ«å¤§å”,çŒ«å¤§å”,exact,14
416,ç¾¤æ˜Ÿ,ç¾¤æ˜Ÿ,exact,14
417,Re,re,case_insensitive,14
418,ptt,ptt,exact,14
419,no3c,no3c,exact,14
420,æ©˜é›ªè‰å°çˆ±,æ©˜é›ªè‰å°çˆ±,exact,14
421,åŒ—å·,åŒ—å·,exact,14
422,daiåŠä»™,daiåŠä»™,exact,14
423,zhangcheng,zhangcheng,exact,14
424,silainmaou,silainmaou,exact,14
425,duoyu111,duoyu111,exact,14
426,st izem,st izem,exact,14
427,å››æœˆ,å››æœˆ,exact,13
428,çº¯ç™½knight,çº¯ç™½knight,exact,13
429,peach15,peach15,exact,13
430,mmm672345,mmm672345,exact,13
431,saki,saki,exact,13
432,æ±é¢¨è°·è‰ç”°,æ±é¢¨è°·è‰ç”°,exact,13
433,å¾—é—²é¥®èŒ¶,å¾—é—²é¥®èŒ¶,exact,13
434,ç‰¢å¤§,ç‰¢å¤§,exact,13
435,ç´é…’,ç´é…’,exact,13
436,smdrr,smdrr,exact,13
437,å®‡å®‡å­æ˜¯ä¹Ÿ,å®‡å®‡å­æ˜¯ä¹Ÿ,exact,13
438,goldfish,goldfish,exact,13
439,peterhu58,peterhu58,exact,13
440,aptx4869,aptx4869,exact,13
441,zht,zht,exact,13
442,sinnsoku,sinnsoku,exact,13
443,iMissWonder,imisswonder,case_insensitive,13
444,æ— æƒ…çš„å‘½è¿,æ— æƒ…çš„å‘½è¿,exact,13
445,æ˜Ÿæµ·,æ˜Ÿæµ·,exact,13
446,LF,lf,case_insensitive,13
447,å¤§çŸ¥é—²é—²,å¤§çŸ¥é—²é—²,exact,13
448,æçŒ«,æçŒ«,exact,13
449,èŒ¹æ¢¦,èŒ¹æ¢¦,exact,13
450,W.D.Gaster,w.d.gaster,case_insensitive,13
451,absol96,absol96,exact,13
452,è¶Šå‰é¾™é©¬,è¶Šå‰é¾™é©¬,exact,13
453,å“æŸ,å“æŸ,exact,13
454,henferyl6,henferyl6,exact,13
455,è‰¾æ–¯ç“œç“œ,è‰¾æ–¯ç“œç“œ,exact,13
456,x202310300,x202310300,exact,13
457,fanhua,fanhua,exact,13
458,Ted,ted,case_insensitive,13
459,tl,tl,exact,13
460,rwer1343,rwer1343,exact,12
461,å¸ˆå…„,å¸ˆå…„,exact,12
462,ç‰›é€¼è½°è½°çš„èƒ½é‡ç“¶å°ä¼™å„¿ï¼,ç‰›é€¼è½°è½°çš„èƒ½é‡ç“¶å°ä¼™å„¿ï¼,exact,12
463,çº¢é¢†å·¾é’è›™,çº¢é¢†å·¾é’è›™,exact,12
464,yimingx,yimingx,exact,12
465,liukiuna,liukiuna,exact,12
466,éº¦å¡ä¼¦,éº¦å¡ä¼¦,exact,12
467,secretlegk,secretlegk,exact,12
468,wj,wj,exact,12
469,lipu,lipu,exact,12
470,chuangf,chuangf,exact,12
471,little moster,little moster,exact,12
472,åŠå±±,åŠå±±,exact,12
473,5-3,5-3,exact,12
474,ç‹—æ±,ç‹—æ±,exact,12
475,å’©å’©,å’©å’©,exact,12
476,roadtree,roadtree,exact,12
477,herbmaster,herbmaster,exact,12
478,æ”¹å“¥,æ”¹å“¥,exact,12
479,cola96,cola96,exact,12
480,ailin,ailin,exact,12
481,femme,femme,exact,12
482,å¤§ç¬¨è›‹é“ƒé“›ï½,å¤§ç¬¨è›‹é“ƒé“›ï½,exact,12
483,ç‚¹ç‚¹,ç‚¹ç‚¹,exact,12
484,gongqiang,gongqiang,exact,12
485,é“ƒé“›,é“ƒé“›,exact,12
486,cyx,cyx,exact,12
487,å¡å°”å¨…,å¡å°”å¨…,exact,12
488,å™©æ¢¦ä¹‹å½±,å™©æ¢¦ä¹‹å½±,exact,11
489,yz,yz,exact,11
490,savingnoob,savingnoob,exact,11
491,jiebao666,jiebao666,exact,11
492,xjh,xjh,exact,11
493,wee0815,wee0815,exact,11
494,zt,zt,exact,11
495,tongtong,tongtong,exact,11
496,å…´ç‹ç‹‚ç¥,å…´ç‹ç‹‚ç¥,exact,11
497,yog,yog,exact,11
498,tsmc no1,tsmc no1,exact,11
499,fdw,fdw,exact,11
500,Automuen,Automuen,exact,11
501,å°å£«,å°å£«,exact,11
502,è–‡è–‡,è–‡è–‡,exact,11
503,å°æ‹‡æŒ‡äºŒå·,å°æ‹‡æŒ‡äºŒå·,exact,11
504,meguminqwq,meguminqwq,exact,11
505,hypertai123,hypertai123,exact,11
506,hhv587666,hhv587666,exact,11
507,obama,obama,exact,11
508,tadechurencai,tadechurencai,exact,11
509,z2560068,z2560068,exact,11
510,darker,darker,exact,11
511,colin lin,colin lin,exact,11
512,åŒ†åŒ†,åŒ†åŒ†,exact,11
513,BakaLuLu,bakalulu,case_insensitive,11
514,zongzi,zongzi,exact,11
515,Isheach,isheach,case_insensitive,11
516,æ„šé±¼äºå®‡è‚²æ¸”åŸŸ,æ„šé±¼äºå®‡è‚²æ¸”åŸŸ,exact,11
517,hms,hms,exact,11
518,thewailing,thewailing,exact,11
519,æƒŠé¸¿,æƒŠé¸¿,exact,11
520,wanghaozhe,wanghaozhe,exact,11
521,dogelas,dogelas,exact,11
522,tonykouki,tonykouki,exact,10
523,lin_fen,lin_fen,exact,10
524,jiang01,jiang01,exact,10
525,èŠ±å·,èŠ±å·,exact,10
526,é€æ˜,é€æ˜,exact,10
527,irelend2332,irelend2332,exact,10
528,xx,xx,exact,10
529,å½’å¿ƒ,å½’å¿ƒ,exact,10
530,MONO,mono,case_insensitive,10
531,èœ©ç¿¼,èœ©ç¿¼,exact,10
532,éº»è–¯æœ‰å£è‡­,éº»è–¯æœ‰å£è‡­,exact,10
533,5k1,5k1,exact,10
534,å¤šå–æ©™æ±,å¤šå–æ©™æ±,exact,10
535,è·è›‹,è·è›‹,exact,10
536,ä½³è£åŒå­¦,ä½³è£åŒå­¦,exact,10
537,w.d.gaster,w.d.gaster,exact,10
538,luoxiao,luoxiao,exact,10
539,æœ€ç»ˆåˆ—è½¦,æœ€ç»ˆåˆ—è½¦,exact,10
540,royfrost,royfrost,exact,10
541,jzyqk,jzyqk,exact,10
542,hcyg,hcyg,exact,10
543,martin,martin,exact,10
544,å•æ‰€æ¸¸æ³³,å•æ‰€æ¸¸æ³³,exact,10
545,G.KM,g.km,case_insensitive,10
546,ä¸€ç¯,ä¸€ç¯,exact,10
547,dzk,dzk,exact,10
548,è‘±å›,è‘±å›,exact,10
549,å¼ é¢¦é¢¦,å¼ é¢¦é¢¦,exact,10
550,badwoman,badwoman,exact,10
551,å“ˆå“¥,å“ˆå“¥,exact,10
552,wmsnow,wmsnow,exact,10
553,wangda,wangda,exact,10
554,Winter.Violet,winter.violet,case_insensitive,10
555,wy,wy,exact,10
556,echo,echo,exact,10
557,pt,pt,exact,10
558,æº¯æœ›,æº¯æœ›,exact,10
559,w,ä¹™æœ¨,alias,9
560,greymk,greymk,exact,9
561,fluorine999,fluorine999,exact,9
562,æ–¹æ–¹ä¸¸,æ–¹æ–¹ä¸¸,exact,9
563,euphonium,euphonium,exact,9
564,ç½—æˆ,ç½—æˆ,exact,9
565,éº¦å…‹æ–¯éŸ¦,éº¦å…‹æ–¯éŸ¦,exact,9
566,æœ‰ç‚¹æ€ªz,æœ‰ç‚¹æ€ªz,exact,9
567,dddzzz,dddzzz,exact,9
568,RAVEN,raven,case_insensitive,9
569,mmbk,mmbk,exact,9
570,3226075131,3226075131,exact,9
571,å‡‰æ©™,å‡‰æ©™,exact,9
572,Hying,hying,case_insensitive,9
573,vva,vva,exact,9
574,awaker,awaker,exact,9
575,roxyholmes,roxyholmes,exact,9
576,æ˜Ÿè½æœˆ3å·æœº,æ˜Ÿè½æœˆ3å·æœº,exact,9
577,å•µå•µå®‡å®å®,å•µå•µå®‡å®å®,exact,9
578,çº¢é«˜ç²±,çº¢é«˜ç²±,exact,9
579,anna831121,anna831121,exact,9
580,çŒªçŒª,çŒªçŒª,exact,9
581,szl271828,szl271828,exact,9
582,STOP,stop,case_insensitive,9
583,è€ç‹11,è€ç‹11,exact,9
584,é©¬ä¿å›½,é©¬ä¿å›½,exact,9
585,ffz36,ffz36,exact,9
586,easydog,easydog,exact,9
587,ç™½é‡‘ç«å¤§,ç™½é‡‘ç«å¤§,exact,9
588,guapi,guapi,exact,9
589,dill1234,dill1234,exact,9
590,qxl,qxl,exact,9
591,é•¿ç†ç”µæ°”No1,é•¿ç†ç”µæ°”no1,case_insensitive,9
592,ä»è€…æ— æ•Œ,ä»è€…æ— æ•Œ,exact,9
593,çœ¼é¡,çœ¼é¡,exact,9
594,æˆ‘å¼ä½ å¦ˆ,æˆ‘å¼ä½ å¦ˆ,exact,9
595,erpan,erpan,exact,8
596,pokerzzz,pokerzzz,exact,8
597,lzh,lzh,exact,8
598,ç°åº­å½§,ç°åº­å½§,exact,8
599,Raven,raven,case_insensitive,8
600,l1lfool,l1lfool,exact,8
601,flowersrwal,flowersrwal,exact,8
602,hanaseikai,hanaseikai,exact,8
603,waaaa,waaaa,exact,8
604,automuen,Automuen,case_insensitive,8
605,rubia,rubia,exact,8
606,huky,huky,exact,8
607,ğŸ´,ğŸ´r,alias,8
608,facadecc,facadecc,exact,8
609,derow,derow,exact,8
610,frankoscar,frankoscar,exact,8
611,yixiaoma,yixiaoma,exact,8
612,repeatingcat,repeatingcat,exact,8
613,å¥¥æœ¬æµ·é»˜,å¥¥æœ¬æµ·é»˜,exact,8
614,yiannis,yiannis,exact,8
615,é¼ é¼ å¯„äº†,é¼ é¼ å¯„äº†,exact,8
616,å¼ æ­£ç›´,å¼ æ­£ç›´,exact,8
617,æ­³æœˆ,æ­³æœˆ,exact,8
618,doffran,doffran,exact,8
619,Anubis,anubis,case_insensitive,8
620,å·´åœ,å·´åœ,exact,8
621,å…”é±¼,å…”é±¼,exact,8
622,fancyfun,fancyfun,exact,8
623,hydroate,hydroate,exact,8
624,bulez00,bulez00,exact,8
625,æ„šè€…,æ„šè€…,exact,8
626,ç»¯å¤œ,ç»¯å¤œ,exact,8
627,zombieyan,zombieyan,exact,8
628,gman,gman,exact,8
629,ä¹¦å±±å‹åŠ›å¤§,ä¹¦å±±å‹åŠ›å¤§,exact,8
630,hq163,hq163,exact,8
631,ma,ma,exact,8
632,idoit,idoit,exact,8
633,ZC,zc,case_insensitive,8
634,å°ç†ŠçŒ«çŒ«çŒ«,å°ç†ŠçŒ«çŒ«çŒ«,exact,8
635,å…‰å·èµ„æœ¬,å…‰å·èµ„æœ¬,exact,8
636,wings,wings,exact,8
637,lazy,lazy,exact,8
638,qfsm000,qfsm000,exact,8
639,ç¾å‘³å‡è‚¢,ç¾å‘³å‡è‚¢,exact,8
640,abutuoke,abutuoke,exact,8
641,zilong,zilong,exact,8
642,luu3na,luu3na,exact,8
643,ç½—å¾·å²›åˆ¶è¯,ç½—å¾·å²›åˆ¶è¯,exact,8
644,å­™æŸè½©,å­™æŸè½©,exact,8
645,goldenhorde,goldenhorde,exact,8
646,äº‘ç¿¼æƒ³,äº‘ç¿¼æƒ³,exact,8
647,æ —å­Ï†,æ —å­Ï†,exact,8
648,xiedu,xiedu,exact,8
649,wjyå´æ‰,wjyå´æ‰,exact,8
650,aaass1232,aaass1232,exact,8
651,luzi,luzi,exact,7
652,ç«é¸¡å‘³é”…å·´,ç«é¸¡å‘³é”…å·´,exact,7
653,é½æŸæ—é£çŒª,é½æŸæ—é£çŒª,exact,7
654,Ashland,ashland,case_insensitive,7
655,sking1234,sking1234,exact,7
656,åŒ—æ–¹æä¸èµ·åŠ²,åŒ—æ–¹æä¸èµ·åŠ²,exact,7
657,æ ‘é¸£å•¸å¶,æ ‘é¸£å•¸å¶,exact,7
658,litianping,litianping,exact,7
659,resfir,resfir,exact,7
660,yushanbao,yushanbao,exact,7
661,fangruoning,fangruoning,exact,7
662,jim,jim,exact,7
663,èŠ±ç«,èŠ±ç«,exact,7
664,ç«æ˜ŸåŸä½æ°‘,ç«æ˜ŸåŸä½æ°‘,exact,7
665,g_man,g_man,exact,7
666,ç™½æ­¦ç”·,ç™½æ­¦ç”·,exact,7
667,Cola96,cola96,case_insensitive,7
668,alley,alley,exact,7
669,æ¯›æ¯›,æ¯›æ¯›,exact,7
670,scp5637,scp5637,exact,7
671,åœ¨æ¢¦ä¸­,åœ¨æ¢¦ä¸­,exact,7
672,msiga,msiga,exact,7
673,å¸æ˜Ÿé£˜æ‘‡è§æƒ‘é«˜,å¸æ˜Ÿé£˜æ‘‡è§æƒ‘é«˜,exact,7
674,mmpdj,mmpdj,exact,7
675,é™¢é•¿,é™¢é•¿,exact,7
676,å—å®«æ¾ª,å—å®«æ¾ª,exact,7
677,æ—ç¾½,æ—ç¾½,exact,7
678,ç™½é‡‘,ç™½é‡‘,exact,7
679,dzl05,dzl05,exact,7
680,å°0,å°0,exact,7
681,roseallenzwt,roseallenzwt,exact,7
682,æ¸…æ°´ä¸Š,æ¸…æ°´ä¸Š,exact,7
683,eed,eed,exact,7
684,anomaly,anomaly,exact,7
685,abandom,abandom,exact,7
686,Newanderer,newanderer,case_insensitive,7
687,slyrak,slyrak,exact,7
688,chrissy,chrissy,exact,7
689,å°æ¶µ,å°æ¶µ,exact,7
690,é¢å·ææ°,é¢å·ææ°,exact,7
691,ä»»æ˜“yee,ä»»æ˜“yee,exact,7
692,moirae,moirae,exact,7
693,skyline,skyline,exact,7
694,---,---,exact,7
695,luckydice,luckydice,exact,7
696,zing,zing,exact,7
697,æµé›©,æµé›©,exact,7
698,Deemo98,deemo98,case_insensitive,7
699,è½é›¨,è½é›¨,exact,7
700,noorder,noorder,exact,6
701,spurs001,spurs001,exact,6
702,å¯ä¹çŒ«,å¯ä¹çŒ«,exact,6
703,suyiteng,suyiteng,exact,6
704,lxxbaba,lxxbaba,exact,6
705,jay zhu jin,jay zhu jin,exact,6
706,ç‹ä¸ƒ,ç‹ä¸ƒ,exact,6
707,æ—©ç¡,æ—©ç¡,exact,6
708,ä¸æ¶ˆè€—åå­—çš„ç¡¬å¸,ä¸æ¶ˆè€—åå­—çš„ç¡¬å¸,exact,6
709,æ®‡å±±æ—©è¡Œ,æ®‡å±±æ—©è¡Œ,exact,6
710,å°˜æ›¦,å°˜æ›¦,exact,6
711,ç‹å‡¯,ç‹å‡¯,exact,6
712,ä»»æ°¸æ—º,ä»»æ°¸æ—º,exact,6
713,yzxh,yzxh,exact,6
714,raven,raven,exact,6
715,wrzzqg,wrzzqg,exact,6
716,1h111,1h111,exact,6
717,Antares,antares,case_insensitive,6
718,muxiaqing,muxiaqing,exact,6
719,lxxmama,lxxmama,exact,6
720,danielhis,danielhis,exact,6
721,æš®æœˆ,æš®æœˆ,exact,6
722,mapliar,mapliar,exact,6
723,shallowvir,shallowvir,exact,6
724,nagasaki,nagasaki,exact,6
725,ä¹¦ç½”é—»,ä¹¦ç½”é—»,exact,6
726,zyk,zyk,exact,6
727,å¹½çµ,å¹½çµ,exact,6
728,lycoris,lycoris,exact,6
729,mjq,mjq,exact,6
730,cs1867,cs1867,exact,6
731,Razorzzz,razorzzz,case_insensitive,6
732,å¥¶èŒ¶,å¥¶èŒ¶,exact,6
733,llz,llz,exact,6
734,å†°çº¢èŒ¶çœŸå¥½å–,å†°çº¢èŒ¶çœŸå¥½å–,exact,6
735,blxg,blxg,exact,6
736,èŒµè“~,èŒµè“~,exact,6
737,Zhi,zhi,case_insensitive,6
738,ç‰§ç¾Šäºº,ç‰§ç¾Šäºº,exact,6
739,ddy,ddy,exact,6
740,ä¸‡ä¸‡,ä¸‡ä¸‡,exact,6
741,hamburger,hamburger,exact,6
742,xixu,xixu,exact,6
743,sukitayo,sukitayo,exact,6
744,teemomillion,teemomillion,exact,6
745,SJENKA,sjenka,case_insensitive,6
746,kaicheng,kaicheng,exact,6
747,æ¯”ç¿¼é¾™æ¸Š,æ¯”ç¿¼é¾™æ¸Š,exact,6
748,æˆ‘è¶…å‡¶çš„,æˆ‘è¶…å‡¶çš„,exact,6
749,yaoyaoya,yaoyaoya,exact,6
750,dabai530,dabai530,exact,6
751,mooncity2,mooncity2,exact,6
752,xuyan11,xuyan11,exact,6
753,hhn,hhn,exact,6
754,huckebein,huckebein,exact,6
755,funny,funny,exact,6
756,17826818782,17826818782,exact,6
757,hmway1991,hmway1991,exact,6
758,steamriki,steamriki,exact,6
759,è‹ä¸–,è‹ä¸–,exact,6
760,5ml,5ml,exact,6
761,ä¸€ç›´,ä¸€ç›´,exact,6
762,xin,xin,exact,6
763,pyt2002,pyt2002,exact,6
764,DDDZZZ,dddzzz,case_insensitive,6
765,EdwardE,edwarde,case_insensitive,6
766,baykin,baykin,exact,6
767,wsxiaohai,wsxiaohai,exact,6
768,Alaps,alaps,case_insensitive,6
769,ç‘å‡¤,ç‘å‡¤,exact,6
770,szh,szh,exact,6
771,æ‡¿æ¢¦,æ‡¿æ¢¦,exact,6
772,xscc,xscc,exact,6
773,sg12x,sg12x,exact,6
774,res1000,res1000,exact,6
775,ShCola,shcola,case_insensitive,6
776,sxxxxxy,sxxxxxy,exact,6
777,éº»ç“œ,éº»ç“œ,exact,6
778,icyrock,icyrock,exact,6
779,å²šæ²,å²šæ²,exact,6
780,å¤±è½,å¤±è½,exact,6
781,smy,smy,exact,6
782,èˆªçˆ·,èˆªçˆ·,exact,6
783,ä¸å¦‚åŸç¥,ä¸å¦‚åŸç¥,exact,6
784,cicler,cicler,exact,6
785,ç«æ˜Ÿç›‘ç‹±æ”¹é€ ç§¯æåˆ†å­,ç«æ˜Ÿç›‘ç‹±æ”¹é€ ç§¯æåˆ†å­,exact,5
786,æ¸…æ—–,æ¸…æ—–,exact,5
787,lyr,lyr,exact,5
788,manglie,manglie,exact,5
789,echinochloa,echinochloa,exact,5
790,xxddl,xxddl,exact,5
791,quinta,quinta,exact,5
792,psyduck,psyduck,exact,5
793,abcde,abcde,exact,5
794,å¾å‰‘æ‰€åŸä¹ƒç™½é“¶èµæ­Œ,å¾å‰‘æ‰€åŸä¹ƒç™½é“¶èµæ­Œ,exact,5
795,å’–å•¡,å’–å•¡,exact,5
796,Peach15,peach15,case_insensitive,5
797,fishhhhh,fishhhhh,exact,5
798,junltx,junltx,exact,5
799,jeff,jeff,exact,5
800,é“æ–‡å›¾è¯´,é“æ–‡å›¾è¯´,exact,5
801,ycx,ycx,exact,5
802,ex,ex,exact,5
803,mizar,mizar,exact,5
804,ä¸çª„,ä¸çª„,exact,5
805,rick,rick,exact,5
806,bronya,bronya,exact,5
807,lwjaaaa,lwjaaaa,exact,5
808,é¾Ÿé€Ÿè¡Œ,é¾Ÿé€Ÿè¡Œ,exact,5
809,404-student,404-student,exact,5
810,jerry81333,jerry81333,exact,5
811,yhl,yhl,exact,5
812,å¦¹æ§,å¦¹æ§,exact,5
813,ç¥ä¹‹ä¸Šgc,ç¥ä¹‹ä¸Šgc,exact,5
814,å´æ–‡ä¼Ÿ,å´æ–‡ä¼Ÿ,exact,5
815,muwing,muwing,exact,5
816,horipse,horipse,exact,5
817,æ— æ•Œå¤§ç»¿,æ— æ•Œå¤§ç»¿,exact,5
818,ç©ºå¿ƒç¥,ç©ºå¿ƒç¥,exact,5
819,é½é©¬è“,é½é©¬è“,exact,5
820,carlo573,carlo573,exact,5
821,æ°´æ™¶,æ°´æ™¶,exact,5
822,kimty,kimty,exact,5
823,2441228751,2441228751,exact,5
824,niven,niven,exact,5
825,YuffiYuffi,yuffiyuffi,case_insensitive,5
826,hldbl,hldbl,exact,5
827,é¸¦é¸¦,é¸¦é¸¦,exact,5
828,aa-ä»£æ‰“ä»£ç»ƒ,aa-ä»£æ‰“ä»£ç»ƒ,exact,5
829,å›¾å—2025,å›¾å—2025,exact,5
830,yxsu,yxsu,exact,5
831,æ…ç‹¬ssy,æ…ç‹¬ssy,exact,5
832,å¤§è‹±è­¦å¯Ÿ,å¤§è‹±è­¦å¯Ÿ,exact,5
833,wyxs,wyxs,exact,5
834,é¥½é¥½,é¥½é¥½,exact,5
835,altria,altria,exact,5
836,Stanley,stanley,case_insensitive,5
837,czy111,czy111,exact,5
838,jtb0701,jtb0701,exact,5
839,ç†ŠçŒ«å¤´,ç†ŠçŒ«å¤´,exact,5
840,ç¡•è„‘,ç¡•è„‘,exact,5
841,è–›å®šè°”,è–›å®šè°”,exact,5
842,kot33,kot33,exact,5
843,silenceyee,silenceyee,exact,5
844,ç™½æ²³,ç™½æ²³,exact,5
845,zys123,zys123,exact,5
846,æ˜Ÿè½æœˆ,æ˜Ÿè½æœˆ,exact,5
847,catcher1234,catcher1234,exact,5
848,InfSauf,infsauf,case_insensitive,5
849,myjjjjj,myjjjjj,exact,5
850,å“ˆæ‰å°”,å“ˆæ‰å°”,exact,5
851,ytythahaha,ytythahaha,exact,5
852,è¯·å«æˆ‘ç«åæ¡‘,è¯·å«æˆ‘ç«åæ¡‘,exact,5
853,ä¸‰ä½“,ä¸‰ä½“,exact,5
854,å¤©å‡‰å¤œæ˜,å¤©å‡‰å¤œæ˜,exact,5
855,sigh,sigh,exact,5
856,ZWJ,zwj,case_insensitive,5
857,anubis,anubis,exact,5
858,å£«é“é¸¢ç§,å£«é“é¸¢ç§,exact,5
859,é“å¤´,é“å¤´,exact,5
860,èŒ…å°é“å£«,èŒ…å°é“å£«,exact,5
861,zrh,zrh,exact,5
862,hephait,hephait,exact,5
863,ç‰§ç‰›æµé©¬,ç‰§ç‰›æµé©¬,exact,5
864,QiguanSu,qiguansu,case_insensitive,5
865,å±±ç«¹å°çˆªçˆª,å±±ç«¹å°çˆªçˆª,exact,5
866,lingcen,lingcen,exact,5
867,ç§¦å®µ,ç§¦å®µ,exact,5
868,kotonenolove,kotonenolove,exact,5
869,ymlalala,ymlalala,exact,5
870,kaka,kaka,exact,5
871,adonkey,adonkey,exact,5
872,ws14159,ws14159,exact,5
873,MaggieZheng,maggiezheng,case_insensitive,5
874,ludeyu,ludeyu,exact,5
875,uqq,uqq,exact,5
876,shiningasuna,shiningasuna,exact,5
877,takumin,takumin,exact,5
878,Lolierl,lolierl,case_insensitive,5
879,weisanyan,weisanyan,exact,5
880,asdall,asdall,exact,5
881,goodhedge0103,goodhedge0103,exact,5
882,poidesu3814,poidesu3814,exact,5
883,ç‰ç±³é¢,ç‰ç±³é¢,exact,5
884,Carl,carl,case_insensitive,5
885,marquess,marquess,exact,5
886,ç‹¬æ–­ä¸‡å¤,ç‹¬æ–­ä¸‡å¤,exact,5
887,hqlf,hqlf,exact,5
888,soraki,soraki,exact,5
889,nitrene,nitrene,exact,5
890,å‹‡æ•¢ç‰›é©¬,å‹‡æ•¢ç‰›é©¬,exact,4
891,shawnxx,shawnxx,exact,4
892,fx,fx,exact,4
893,cqdelinzi,cqdelinzi,exact,4
894,åä¸ƒ,åä¸ƒ,exact,4
895,apple,apple,exact,4
896,ghl631,ghl631,exact,4
897,ddxy,ddxy,exact,4
898,ç»ˆæ˜¥å‡,ç»ˆæ˜¥å‡,exact,4
899,qa,qa,exact,4
900,huang,huang,exact,4
901,æ¨æ–½ç“¦æ ¼,æ¨æ–½ç“¦æ ¼,exact,4
902,chs,chs,exact,4
903,å¤§å‰‘è™¾,å¤§å‰‘è™¾,exact,4
904,åŒ—è¾°,åŒ—è¾°,exact,4
905,twistzz,twistzz,exact,4
906,terry,terry,exact,4
907,etc,etc,exact,4
908,arashi02,arashi02,exact,4
909,tungtungtungsahur,tungtungtungsahur,exact,4
910,petershen,petershen,exact,4
911,æµæµªçš„è™¾é…±,æµæµªçš„è™¾é…±,exact,4
912,lakewind,lakewind,exact,4
913,æ—¥ç«,æ—¥ç«,exact,4
914,è èå°ç¬¼åŒ…,è èå°ç¬¼åŒ…,exact,4
915,kouki531,kouki531,exact,4
916,æ£®æ£®,æ£®æ£®,exact,4
917,ERR,err,case_insensitive,4
918,NEKO,neko,case_insensitive,4
919,kongbai,kongbai,exact,4
920,kk,kk,exact,4
921,ä¿¡å‡›,ä¿¡å‡›,exact,4
922,ç‰§æ®‡,ç‰§æ®‡,exact,4
923,longbefore523,longbefore523,exact,4
924,captain,captain,exact,4
925,è‰è‰,è‰è‰,exact,4
926,hollync,hollync,exact,4
927,zxq51234,zxq51234,exact,4
928,15880561707,15880561707,exact,4
929,183454241,183454241,exact,4
930,SG12X,sg12x,case_insensitive,4
931,tieor,tieor,exact,4
932,zc,zc,exact,4
933,xxy,xxy,exact,4
934,minosa,minosa,exact,4
935,é¦™é¦™å¸ƒå¸ƒ,é¦™é¦™å¸ƒå¸ƒ,exact,4
936,è‡­è‡­ä¸€äºŒ,è‡­è‡­ä¸€äºŒ,exact,4
937,snitch1412,snitch1412,exact,4
938,mxk,mxk,exact,4
939,guugle,guugle,exact,4
940,shansere,shansere,exact,4
941,cs4717,cs4717,exact,4
942,å¾æ™¯å“²,å¾æ™¯å“²,exact,4
943,yezhishi,yezhishi,exact,4
944,W,ä¹™æœ¨,alias,4
945,Tlaio,tlaio,case_insensitive,4
946,ç‰¹æ‹‰åçš„çš®å¡ä¸˜,ç‰¹æ‹‰åçš„çš®å¡ä¸˜,exact,4
947,æˆ´æ–¯è’™,æˆ´æ–¯è’™,exact,4
948,æµ©å—,æµ©å—,exact,4
949,NickXXX,nickxxx,case_insensitive,4
950,linxi,linxi,exact,4
951,huhu,huhu,exact,4
952,é›…å¯,é›…å¯,exact,4
953,èƒ¡æ³½å®‡,èƒ¡æ³½å®‡,exact,4
954,ç»ˆæœ«ç”µè½¦,ç»ˆæœ«ç”µè½¦,exact,4
955,May,may,case_insensitive,4
956,pwq00,pwq00,exact,4
957,salaman,salaman,exact,4
958,qierrrrrr,qierrrrrr,exact,4
959,BiluoSora,biluosora,case_insensitive,4
960,wx0526,wx0526,exact,4
961,takanashi,takanashi,exact,4
962,stanley,stanley,exact,4
963,lastxuan,lastxuan,exact,4
964,åb,åb,exact,4
965,å°å’Œå°š,å°å’Œå°š,exact,4
966,æ°µç™»,æ°µç™»,exact,4
967,lidamiao,lidamiao,exact,4
968,flhzg,flhzg,exact,4
969,æŒ‚B,æŒ‚b,case_insensitive,4
970,yy,yy,exact,4
971,dtjs,dtjs,exact,4
972,kiss,kiss,exact,4
973,sprite,sprite,exact,4
974,åä¸‡äººçˆ±æˆ´çš„ç«æ˜Ÿä¼ä¸šå®¶,åä¸‡äººçˆ±æˆ´çš„ç«æ˜Ÿä¼ä¸šå®¶,exact,4
975,æƒ³éƒ½æ²¡æœ‰,æƒ³éƒ½æ²¡æœ‰,exact,4
976,empty_zhm,empty_zhm,exact,4
977,éº¦,å°éº¦,alias,4
978,err,err,exact,4
979,Rinaoto,rinaoto,case_insensitive,4
980,vicsage,vicsage,exact,4
981,è¿™èƒ½å¥½ç©å—,è¿™èƒ½å¥½ç©å—,exact,4
982,é•¿ä¹,é•¿ä¹,exact,4
983,æ±ªä¸€é“­,æ±ªä¸€é“­,exact,4
984,cys,cys,exact,4
985,TED,ted,case_insensitive,4
986,nanaruru,nanaruru,exact,4
987,kawasakitaki,kawasakitaki,exact,4
988,çƒ­å¿ƒå¸‚æ°‘1å…ˆç”Ÿ,çƒ­å¿ƒå¸‚æ°‘1å…ˆç”Ÿ,exact,4
989,å¹¸è¿å°é©¬,å¹¸è¿å°é©¬,exact,4
990,é“­æ«,é“­æ«,exact,4
991,å°å·,å°å·,exact,4
992,æ— æ•Œå¤§å¤§å¤§,æ— æ•Œå¤§å¤§å¤§,exact,4
993,kohaku225,kohaku225,exact,3
994,ç§‹ç§‹,ç§‹ç§‹,exact,3
995,sherlock512,sherlock512,exact,3
996,MAOZHUZI,maozhuzi,case_insensitive,3
997,â€Œonlooker,â€Œonlooker,exact,3
998,VOICER,voicer,case_insensitive,3
999,èŒæ–°ç¾ç¾,èŒæ–°ç¾ç¾,exact,3
1000,f0ld_l1ght,f0ld_l1ght,exact,3
1001,YXSu,yxsu,case_insensitive,3
1002,Milky,milky,case_insensitive,3
1003,gambler,gambler,exact,3
1004,é˜¿æ¬¢æ¬¢æ¬¢,é˜¿æ¬¢æ¬¢æ¬¢,exact,3
1005,nickxxx,nickxxx,exact,3
1006,lucidjellyfish,lucidjellyfish,exact,3
1007,é€èŒ—,é€èŒ—,exact,3
1008,é•¿ä¸‰,é•¿ä¸‰,exact,3
1009,wwh666,wwh666,exact,3
1010,å†³å¿ƒä¸åšå®š,å†³å¿ƒä¸åšå®š,exact,3
1011,rance,rance,exact,3
1012,æˆ‘æ¥ç›‘ç£æ²™ç‘é‡‘,æˆ‘æ¥ç›‘ç£æ²™ç‘é‡‘,exact,3
1013,zzzjjjhhhh,zzzjjjhhhh,exact,3
1014,ginger,ginger,exact,3
1015,ab087087,ab087087,exact,3
1016,wsy,wsy,exact,3
1017,ç›—è‰¯äºº,ç›—è‰¯äºº,exact,3
1018,å¯¹é…’å½“æ­Œ,å¯¹é…’å½“æ­Œ,exact,3
1019,å°æ‹¾c,å°æ‹¾c,exact,3
1020,928949719,928949719,exact,3
1021,keyangkeyang666,keyangkeyang666,exact,3
1022,Gsherray,Gsherray,exact,3
1023,sanshui,sanshui,exact,3
1024,lilSPARK,lilspark,case_insensitive,3
1025,hdjcjw,hdjcjw,exact,3
1026,å¥¶ç‰›,å¥¶ç‰›,exact,3
1027,imisswonder,imisswonder,exact,3
1028,ç½—å°é»‘,ç½—å°é»‘,exact,3
1029,Dogelas,dogelas,case_insensitive,3
1030,sa,sa,exact,3
1031,nm,nm,exact,3
1032,é‚ªæ¶boss,é‚ªæ¶boss,exact,3
1033,M7-11,m7-11,case_insensitive,3
1034,roland,roland,exact,3
1035,æ³•å‘é‡,æ³•å‘é‡,exact,3
1036,yhhe,yhhe,exact,3
1037,522630,522630,exact,3
1038,labb,labb,exact,3
1039,èŒæ–°,èŒæ–°,exact,3
1040,142857,142857,exact,3
1041,HAO,hao,case_insensitive,3
1042,maomao,maomao,exact,3
1043,song,song,exact,3
1044,èŠ³è²è¼è˜¼,èŠ³è²è¼è˜¼,exact,3
1045,kelvin,kelvin,exact,3
1046,é”®ç›˜ç‹‚å¥”é¸¡,é”®ç›˜ç‹‚å¥”é¸¡,exact,3
1047,XX,xx,case_insensitive,3
1048,xqc,xqc,exact,3
1049,akikaze,akikaze,exact,3
1050,destiny,destiny,exact,3
1051,pigeeyupi,pigeeyupi,exact,3
1052,seventeen,seventeen,exact,3
1053,wugehetao,wugehetao,exact,3
1054,è–¯æ¥å®,è–¯æ¥å®,exact,3
1055,ç«ç¾½å¤é£,ç«ç¾½å¤é£,exact,3
1056,black_uuz,black_UUZ,case_insensitive,3
1057,çŸ­æŒ‡ç”²é¾™å­,çŸ­æŒ‡ç”²é¾™å­,exact,3
1058,painkillee,painkillee,exact,3
1059,hehe3,hehe3,exact,3
1060,chieribot,chieribot,exact,3
1061,shallow,shallow,exact,3
1062,shallowmoon,shallowmoon,exact,3
1063,namedal,namedal,exact,3
1064,origami,origami,exact,3
1065,å°wish,å°wish,exact,3
1066,aaass12321,aaass12321,exact,3
1067,trisurge,trisurge,exact,3
1068,dreamwind,dreamwind,exact,3
1069,æ¼‚é‚£ä¸ªæµ®,æ¼‚é‚£ä¸ªæµ®,exact,3
1070,ç‰›,å¥¶ç‰›,alias,3
1071,sky,sky,exact,3
1072,æ˜Ÿ,yuexing,alias,3
1073,é›¾é›¨å’–å–±,é›¾é›¨å’–å–±,exact,3
1074,å¤§å…‰å¤´,å¤§å…‰å¤´,exact,3
1075,Shansere,shansere,case_insensitive,3
1076,JYmiao,jymiao,case_insensitive,3
1077,7x,7x,exact,3
1078,é™†å”å„¿,é™†å”å„¿,exact,3
1079,qiuly,qiuly,exact,3
1080,æ–‡å¤®ä»²æœª,æ–‡å¤®ä»²æœª,exact,3
1081,æš®å…‰é—ªé—ª,æš®å…‰é—ªé—ª,exact,3
1082,frankzhou,frankzhou,exact,3
1083,å°èƒœé™ˆ,å°èƒœé™ˆ,exact,3
1084,å‡‰æ±Ÿ,å‡‰æ±Ÿ,exact,3
1085,hsmh114514,hsmh114514,exact,3
1086,hxt,hxt,exact,3
1087,å®å‡¡å¿ƒ,å®å‡¡å¿ƒ,exact,3
1088,ä¸€å±±,ä¸€å±±,exact,3
1089,cfy040218,cfy040218,exact,3
1090,ç–¯æ³•å¸ˆ,ç–¯æ³•å¸ˆ,exact,3
1091,monei,monei,exact,3
1092,å†¬æ´‹Â·wu,å†¬æ´‹Â·wu,exact,3
1093,abcdefg,abcdefg,exact,3
1094,å¢¨é±¼ä¸¸123,å¢¨é±¼ä¸¸123,exact,3
1095,Mayo,mayo,case_insensitive,3
1096,xuedineniu,xuedineniu,exact,3
1097,Jasmine,jasmine,case_insensitive,3
1098,xyh,xyh,exact,3
1099,11111,11111,exact,3
1100,yã€‚,yã€‚,exact,3
1101,cici1025,cici1025,exact,3
1102,æµ®ç”Ÿæ— æ¢¦,æµ®ç”Ÿæ— æ¢¦,exact,3
1103,ç«¥è¯,ç«¥è¯,exact,3
1104,ploire,ploire,exact,3
1105,mouliu,mouliu,exact,3
1106,Yinlianlei,yinlianlei,case_insensitive,3
1107,æ”¯æ”¯,æ”¯æ”¯,exact,3
1108,ç‹—ç²®,ç‹—ç²®,exact,3
1109,åé›„,åé›„,exact,3
1110,äºŒåç¦¾,äºŒåç¦¾,exact,3
1111,puxi33,puxi33,exact,3
1112,xiang0,xiang0,exact,3
1113,xjj,xjj,exact,3
1114,éŸ®èŠ™,éŸ®èŠ™,exact,3
1115,zhongye,zhongye,exact,3
1116,jojo123,jojo123,exact,3
1117,ä¸°å·ç¥¥å­,ä¸°å·ç¥¥å­,exact,3
1118,liangpi,liangpi,exact,3
1119,æ—¥å®‰,æ—¥å®‰,exact,3
1120,euphoria,euphoria,exact,3
1121,bytr,bytr,exact,3
1122,swws,swws,exact,3
1123,è™šéœ©,è™šéœ©,exact,3
1124,korgast,korgast,exact,3
1125,184,184,exact,3
1126,yeeziiii,yeeziiii,exact,3
1127,Qingcen,qingcen,case_insensitive,3
1128,YeeZiiii,yeeziiii,case_insensitive,3
1129,LeeMoon,leemoon,case_insensitive,3
1130,FranklinChan,FranklinChan,exact,3
1131,åˆ€åˆ€ç»™ä½ ä¸€æ‹³,åˆ€åˆ€ç»™ä½ ä¸€æ‹³,exact,3
1132,97,97,exact,3
1133,æ¯”ç¿¼ç‘¶å…‰,æ¯”ç¿¼ç‘¶å…‰,exact,3
1134,zst123,zst123,exact,3
1135,hindsight,hindsight,exact,3
1136,a00sd52,a00sd52,exact,3
1137,æ—ä¹‹çˆ¶,æ—ä¹‹çˆ¶,exact,3
1138,chiyo0131,chiyo0131,exact,3
1139,è°ƒå’Œ,è°ƒå’Œ,exact,3
1140,Yore_ripples,yore_ripples,case_insensitive,3
1141,jiejie176635,jiejie176635,exact,3
1142,æˆ‘é¿ä»–é”‹èŠ’ï¼Ÿ,æˆ‘é¿ä»–é”‹èŠ’ï¼Ÿ,exact,3
1143,G_Man,g_man,case_insensitive,3
1144,niksen,niksen,exact,3
1145,çæƒœæ°§åŒ–é’™,çæƒœæ°§åŒ–é’™,exact,3
1146,èœä¸,èœä¸,exact,3
1147,wznb,wznb,exact,3
1148,konan,konan,exact,3
1149,å¥ˆ ä½•,å¥ˆ ä½•,exact,3
1150,ä¸€åªç¿¡ç¿ ,ä¸€åªç¿¡ç¿ ,exact,3
1151,VVA,vva,case_insensitive,3
1152,lazy1021,lazy1021,exact,3
1153,ä¸ƒæœˆä¸å†°æ·‡æ·‹,ä¸ƒæœˆä¸å†°æ·‡æ·‹,exact,3
1154,mjq2025,mjq2025,exact,3
1155,æ‹¾å…‰,æ‹¾å…‰,exact,3
1156,michel,michel,exact,3
1157,newanderer,newanderer,exact,3
1158,èŒæ–°æœˆè‰²,èŒæ–°æœˆè‰²,exact,3
1159,å°ç€å°”,å°ç€å°”,exact,3
1160,hyton,hyton,exact,3
1161,ripples,ripples,exact,3
1162,Ying,ying,case_insensitive,3
1163,antares,antares,exact,3
1164,scz,scz,exact,3
1165,ğŸ,ğŸ,exact,3
1166,www,www,exact,3
1167,é©¬æ™“å¤,é©¬æ™“å¤,exact,3
1168,linzixuan,linzixuan,exact,3
1169,å‘¨æ¶¦ç’,å‘¨æ¶¦ç’,exact,3
1170,ç¾¡å—,ç¾¡å—,exact,2
1171,è’¸è’¸æ—¥ä¸Š,è’¸è’¸æ—¥ä¸Š,exact,2
1172,heroyoung,heroyoung,exact,2
1173,å¿«è¾¹,å¿«è¾¹,exact,2
1174,lenger2013,lenger2013,exact,2
1175,é›¾å¤œ,é›¾å¤œ,exact,2
1176,sofu,sofu,exact,2
1177,å“ˆæ–¯å¡”,å“ˆæ–¯å¡”,exact,2
1178,aqua,aqua,exact,2
1179,yycc,yycc,exact,2
1180,amosä½•,amosä½•,exact,2
1181,æ— è¯­-s,æ— è¯­-s,exact,2
1182,æƒŠæ£ ,æƒŠæ£ ,exact,2
1183,ä¸ç”š,ä¸ç”š,exact,2
1184,vuuv,vuuv,exact,2
1185,cd,cd,exact,2
1186,827717358,827717358,exact,2
1187,biang,biang,exact,2
1188,stmx0v0,stmx0v0,exact,2
1189,å¸å¹½,å¸å¹½,exact,2
1190,å´ä¸–å‹‹å¤«äºº,å´ä¸–å‹‹å¤«äºº,exact,2
1191,yihuiyun1314,yihuiyun1314,exact,2
1192,ç™½æ ‘,ç™½æ ‘,exact,2
1193,xianci,xianci,exact,2
1194,midutisn,midutisn,exact,2
1195,AwakingPenguin,awakingpenguin,case_insensitive,2
1196,sling,sling,exact,2
1197,sean4824,sean4824,exact,2
1198,å‡¡å°˜,å‡¡å°˜,exact,2
1199,æ¸…æ˜é›¨ç ,æ¸…æ˜é›¨ç ,exact,2
1200,LANQ,lanq,case_insensitive,2
1201,hoho3332,hoho3332,exact,2
1202,é˜¿ç¦»,é˜¿ç¦»,exact,2
1203,yaya51995,yaya51995,exact,2
1204,rocatsin,rocatsin,exact,2
1205,æ±‚ç´¢,æ±‚ç´¢,exact,2
1206,yina,yina,exact,2
1207,è¯—ç¼˜,è¯—ç¼˜,exact,2
1208,è‚¾è™šçš„ç¾Šé©¼,è‚¾è™šçš„ç¾Šé©¼,exact,2
1209,ç‚ç¾é¸¦,ç‚ç¾é¸¦,exact,2
1210,kcactus,kcactus,exact,2
1211,neonlium,neonlium,exact,2
1212,hecate0034,hecate0034,exact,2
1213,å¤11111,å¤11111,exact,2
1214,myyo,myyo,exact,2
1215,å°ç¿ ,å°ç¿ ,exact,2
1216,ruarua,ruarua,exact,2
1217,bwxl,bwxl,exact,2
1218,alin123456,alin123456,exact,2
1219,xqqqqq,xqqqqq,exact,2
1220,é“ç¬›,é“ç¬›,exact,2
1221,veneto,veneto,exact,2
1222,fanjiahe,fanjiahe,exact,2
1223,chingyueh,chingyueh,exact,2
1224,phoenix_tt,phoenix_tt,exact,2
1225,bxbx,bxbx,exact,2
1226,arkqian,arkqian,exact,2
1227,å¦–å®´,å¦–å®´,exact,2
1228,llllllll,llllllll,exact,2
1229,mirage,mirage,exact,2
1230,bbyhanyc,bbyhanyc,exact,2
1231,Nickxxx,nickxxx,case_insensitive,2
1232,DARKER,darker,case_insensitive,2
1233,no22,no22,exact,2
1234,aetheryog,aetheryog,exact,2
1235,vino,vino,exact,2
1236,yqhqnyh,yqhqnyh,exact,2
1237,sheng,sheng,exact,2
1238,å¤å¤«Â·ç¬¦æ–‡å›¾è…¾,å¤å¤«Â·ç¬¦æ–‡å›¾è…¾,exact,2
1239,æ²™æ¼ éª†é©¼,æ²™æ¼ éª†é©¼,exact,2
1240,hulai,hulai,exact,2
1241,hecunren1,hecunren1,exact,2
1242,liuhui,liuhui,exact,2
1243,èµ„æœ¬å·¨é¥¿å°æ›²å­,èµ„æœ¬å·¨é¥¿å°æ›²å­,exact,2
1244,è‰¯å­,è‰¯å­,exact,2
1245,wuwenhao,wuwenhao,exact,2
1246,FFFD3,fffd3,case_insensitive,2
1247,aozi,aozi,exact,2
1248,seele,seele,exact,2
1249,xb,xb,exact,2
1250,è¶…çº§èªæ˜çŒ«çŒ«,è¶…çº§èªæ˜çŒ«çŒ«,exact,2
1251,desperado,desperado,exact,2
1252,1472067571,1472067571,exact,2
1253,zixni,zixni,exact,2
1254,birdpig,birdpig,exact,2
1255,ç©¶æè‰¾æ–¯æ¯”,ç©¶æè‰¾æ–¯æ¯”,exact,2
1256,Peteå®,peteå®,case_insensitive,2
1257,ææ™”,ææ™”,exact,2
1258,è¥¿ç“œ,è¥¿ç“œ,exact,2
1259,Wen,wen,case_insensitive,2
1260,Sian,sian,case_insensitive,2
1261,Kanon,kanon,case_insensitive,2
1262,æ¯ç­ä¹‹ç–¾é£çˆ†è£‚å¼¹,æ¯ç­ä¹‹ç–¾é£çˆ†è£‚å¼¹,exact,2
1263,zzz111,zzz111,exact,2
1264,happysheep,happysheep,exact,2
1265,é’Ÿç®æ¥ ,é’Ÿç®æ¥ ,exact,2
1266,ERPAN,erpan,case_insensitive,2
1267,Luu3na,luu3na,case_insensitive,2
1268,ihz,ihz,exact,2
1269,ocfjjkv,ocfjjkv,exact,2
1270,jhdqe,jhdqe,exact,2
1271,Spectator121,spectator121,case_insensitive,2
1272,é²Ÿé±¼369,é²Ÿé±¼369,exact,2
1273,æ˜Ÿç³ã®è¾,æ˜Ÿç³ã®è¾,exact,2
1274,Twistzz,twistzz,case_insensitive,2
1275,YMlalala,ymlalala,case_insensitive,2
1276,shaise,shaise,exact,2
1277,pyrrhus,pyrrhus,exact,2
1278,QXL,qxl,case_insensitive,2
1279,Khan,khan,case_insensitive,2
1280,lpl,lpl,exact,2
1281,é“€g,é“€g,exact,2
1282,lyy,lyy,exact,2
1283,ktozni,ktozni,exact,2
1284,é˜¿é’°,é˜¿é’°,exact,2
1285,hansgu,hansgu,exact,2
1286,2562700153,2562700153,exact,2
1287,wenxiong622,wenxiong622,exact,2
1288,mjfklaw,mjfklaw,exact,2
1289,alley-caesar,alley-caesar,exact,2
1290,warmsnow,warmsnow,exact,2
1291,614152494,614152494,exact,2
1292,miss cat,miss cat,exact,2
1293,LH,lh,case_insensitive,2
1294,çŒ«çŒ«å¤´,çŒ«çŒ«å¤´,exact,2
1295,ä¿®ä»™,ä¿®ä»™,exact,2
1296,zhuzi,zhuzi,exact,2
1297,è°å·æˆ‘ç”µè°æ²™å¸,è°å·æˆ‘ç”µè°æ²™å¸,exact,2
1298,æˆ‘è¦ç§æ ‘,æˆ‘è¦ç§æ ‘,exact,2
1299,xe,xe,exact,2
1300,tyr,tyr,exact,2
1301,IKUN,ikun,case_insensitive,2
1302,jifaley,jifaley,exact,2
1303,sbbb1234,sbbb1234,exact,2
1304,æ€¨æ°´å¿µæ¢¦,æ€¨æ°´å¿µæ¢¦,exact,2
1305,ç†ç†å­,ç†ç†å­,exact,2
1306,ywl,ywl,exact,2
1307,zzzsj2,zzzsj2,exact,2
1308,èŠ‚åˆ†,èŠ‚åˆ†,exact,2
1309,hjjmz,hjjmz,exact,2
1310,å†¬å†¬,å†¬å†¬,exact,2
1311,zhushou2333,zhushou2333,exact,2
1312,Spurs001,spurs001,case_insensitive,2
1313,ZhuShou2333,zhushou2333,case_insensitive,2
1314,EnderHL,enderhl,case_insensitive,2
1315,jiji626,jiji626,exact,2
1316,FrankZhou,frankzhou,case_insensitive,2
1317,loapwm,loapwm,exact,2
1318,ä¸æ˜¯åŸç¥ç©å®¶,ä¸æ˜¯åŸç¥ç©å®¶,exact,2
1319,d19783205,d19783205,exact,2
1320,enderhl,enderhl,exact,2
1321,AssassinMo,assassinmo,case_insensitive,2
1322,é­è‰¯,é­è‰¯,exact,2
1323,wkgenius666,wkgenius666,exact,2
1324,agentcoco,agentcoco,exact,2
1325,å¹¶è‚¥éª‘å£«,å¹¶è‚¥éª‘å£«,exact,2
1326,cloud,cloud,exact,2
1327,Nora,Nora,exact,2
1328,è—é”‹,è—é”‹,exact,2
1329,metroleo,metroleo,exact,2
1330,scp233,scp233,exact,2
1331,socrates,socrates,exact,2
1332,leaf1,leaf1,exact,2
1333,protectme123,protectme123,exact,2
1334,æˆ‘å¤ªå¸…äº†,æˆ‘å¤ªå¸…äº†,exact,2
1335,jia,jia,exact,2
1336,xing,xing,exact,2
1337,sakurakaiju,sakurakaiju,exact,2
1338,liz0203,liz0203,exact,2
1339,ZZZ,zzz,case_insensitive,2
1340,å¤‡ç”¨æˆ¿ä¸»,å¤‡ç”¨æˆ¿ä¸»,exact,2
1341,zhj,zhj,exact,2
1342,Karozz,karozz,case_insensitive,2
1343,niki,niki,exact,2
1344,Qinchen1027,qinchen1027,case_insensitive,2
1345,starry,starry,exact,2
1346,lizabove,lizabove,exact,2
1347,å¹²ç‰¹,å¹²ç‰¹,exact,2
1348,sxy,sxy,exact,2
1349,zbh,zbh,exact,2
1350,çˆ±åƒç³¯ç±³,çˆ±åƒç³¯ç±³,exact,2
1351,seekerx,seekerx,exact,2
1352,å«å«å“¥å“¥,å«å«å“¥å“¥,exact,2
1353,wxiaoer,wxiaoer,exact,2
1354,ALOOON,alooon,case_insensitive,2
1355,miloo,miloo,exact,2
1356,zzzzxy,zzzzxy,exact,2
1357,æ¸…æ˜.,æ¸…æ˜.,exact,2
1358,é£å¹»æ¢¦,é£å¹»æ¢¦,exact,2
1359,æç«‹æ–‡,æç«‹æ–‡,exact,2
1360,cl123,cl123,exact,2
1361,MJQ,mjq,case_insensitive,2
1362,xy666,xy666,exact,2
1363,newmars,newmars,exact,2
1364,æ‰“è„¸å“¥,æ‰“è„¸å“¥,exact,2
1365,ä¹¦å±±,ä¹¦å±±,exact,2
1366,èŒæ¢µ,èŒæ¢µ,exact,2
1367,guixin,guixin,exact,2
1368,z67145175,z67145175,exact,2
1369,kevin,kevin,exact,2
1370,owl,owl,exact,2
1371,1224798779,1224798779,exact,2
1372,Ki,ki,case_insensitive,2
1373,å‹•ç‰©åœ’åœ’é•·,å‹•ç‰©åœ’åœ’é•·,exact,2
1374,exce11ent,exce11ent,exact,2
1375,acoer,acoer,exact,2
1376,ç¥ç€,ç¥ç€,exact,2
1377,birmingham,birmingham,exact,2
1378,ice_change,ice_change,exact,2
1379,taleofus,taleofus,exact,2
1380,mcx,mcx,exact,2
1381,ç¥å‹’ä¸ªè‰¯,ç¥å‹’ä¸ªè‰¯,exact,2
1382,smile,smile,exact,2
1383,èµ°è·¯ä¸”æ‘”æ­»,èµ°è·¯ä¸”æ‘”æ­»,exact,2
1384,nobody,nobody,exact,2
1385,Hao,hao,case_insensitive,2
1386,798170621,798170621,exact,2
1387,BakaLuLuXH,bakaluluxh,case_insensitive,2
1388,hgft_1606,hgft_1606,exact,2
1389,å°æ…§,å°æ…§,exact,2
1390,yf1036291925,yf1036291925,exact,2
1391,anti,anti,exact,2
1392,franklinchan,FranklinChan,case_insensitive,2
1393,drlf,drlf,exact,2
1394,ç¡«é…¸é’¡å¼é‡233,ç¡«é…¸é’¡å¼é‡233,exact,2
1395,chenleizhi,chenleizhi,exact,2
1396,æ¯›çº¿å’Œå¾·å¼æ¡Œæ¸¸ç©å®¶yyf,æ¯›çº¿å’Œå¾·å¼æ¡Œæ¸¸ç©å®¶yyf,exact,2
1397,1234567,1234567,exact,2
1398,Ikun,ikun,case_insensitive,2
1399,vv0318,vv0318,exact,2
1400,é›·ç«å‰‘å…¬ä¸»,é›·ç«å‰‘å…¬ä¸»,exact,2
1401,yongrichard,yongrichard,exact,2
1402,åƒæ™´åƒç§‹,åƒæ™´åƒç§‹,exact,2
1403,unnamed,unnamed,exact,2
1404,åŸæ¸¸è¯—äºº,åŸæ¸¸è¯—äºº,exact,2
1405,å¤§å¸ˆ,franklinchan,alias,2
1406,yyy,yyy,exact,2
1407,æ–‡å¥‡,æ–‡å¥‡,exact,2
1408,Yz,yz,case_insensitive,2
1409,æº¯æº,æº¯æº,exact,2
1410,kalads,kalads,exact,2
1411,nobody1412,nobody1412,exact,2
1412,guanle,guanle,exact,2
1413,è½¦å¹²,è½¦å¹²,exact,2
1414,azzhh,azzhh,exact,2
1415,adam1203,adam1203,exact,2
1416,Aipotu,aipotu,case_insensitive,2
1417,ç‹å°”å¾·,ç‹å°”å¾·,exact,2
1418,raindragonking,raindragonking,exact,2
1419,æ¢…ä¸€,æ¢…ä¸€,exact,2
1420,act5ts,act5ts,exact,2
1421,kalipolis,kalipolis,exact,2
1422,fanfan1006,fanfan1006,exact,2
1423,qfyyyyyyy,qfyyyyyyy,exact,2
1424,é»‘å…°,é»‘å…°,exact,2
1425,youqi0096,youqi0096,exact,2
1426,ä¸€ç›˜ç¦,ä¸€ç›˜ç¦,exact,2
1427,wnywny123,wnywny123,exact,2
1428,isheach,isheach,exact,2
1429,twer,twer,exact,2
1430,å¸ƒä¸çŒ«,å¸ƒä¸çŒ«,exact,2
1431,paul.g,paul.g,exact,2
1432,æ¥ç©é¸¦,æ¥ç©é¸¦,exact,2
1433,å°æ–°,å°æ–°,exact,2
1434,shiyan233,shiyan233,exact,2
1435,Sanduo,sanduo,case_insensitive,2
1436,yjhs,yjhs,exact,2
1437,Huckebein,huckebein,case_insensitive,2
1438,reignslei,reignslei,exact,2
1439,beiyuan,beiyuan,exact,2
1440,æ´›å…‹æŸ¥å¾—,æ´›å…‹æŸ¥å¾—,exact,2
1441,lqk,lqk,exact,2
1442,Marquess,marquess,case_insensitive,2
1443,autumn,autumn,exact,2
1444,è¤šè¾,è¤šè¾,exact,2
1445,lds,lds,exact,2
1446,ä¼Ÿå¤§çš„å°ä¸âœŒï¸,ä¼Ÿå¤§çš„å°ä¸âœŒï¸,exact,2
1447,Biaodi,biaodi,case_insensitive,2
1448,ln,ln,exact,2
1449,å¤ªä¸ƒäº”,å¤ªä¸ƒäº”,exact,2
1450,å¸ƒä¼¦å¸Œå°”å¾·,å¸ƒä¼¦å¸Œå°”å¾·,exact,2
1451,zzzzn,zzzzn,exact,2
1452,dandan,dandan,exact,2
1453,gxxx,gxxx,exact,2
1454,nozessraudl,nozessraudl,exact,2
1455,Hirah,hirah,case_insensitive,2
1456,Leonchokyan,leonchokyan,case_insensitive,2
1457,zzq,zzq,exact,2
1458,å°æ½˜,å°æ½˜,exact,2
1459,ez_ysx,ez_ysx,exact,2
1460,Alon,alon,case_insensitive,2
1461,yian,yian,exact,2
1462,aLOON,aloon,case_insensitive,2
1463,k3k,k3k,exact,2
1464,WNYwny123,wnywny123,case_insensitive,2
1465,yxyzw,yxyzw,exact,1
1466,bishui,bishui,exact,1
1467,æ˜ŸæœŸä¸‰,æ˜ŸæœŸä¸‰,exact,1
1468,taoyx,taoyx,exact,1
1469,squidward,squidward,exact,1
1470,cc,cc,exact,1
1471,zhlin,zhlin,exact,1
1472,Qxl,qxl,case_insensitive,1
1473,Jbhfpku,jbhfpku,case_insensitive,1
1474,uyany,uyany,exact,1
1475,Greennec,greennec,case_insensitive,1
1476,avalon,avalon,exact,1
1477,æµ®ç”Ÿæœªæ­‡,æµ®ç”Ÿæœªæ­‡,exact,1
1478,ShawnXX,shawnxx,case_insensitive,1
1479,softzoo,softzoo,exact,1
1480,force66,force66,exact,1
1481,force77,force77,exact,1
1482,kleebody,kleebody,exact,1
1483,George sun,george sun,case_insensitive,1
1484,è¶…è¶…è¶…çˆ±ç©,è¶…è¶…è¶…çˆ±ç©,exact,1
1485,blueå¯’é£,blueå¯’é£,exact,1
1486,è¿ªå…‹ç”·äºº,è¿ªå…‹ç”·äºº,exact,1
1487,äº‘å€š,äº‘å€š,exact,1
1488,xwh1004,xwh1004,exact,1
1489,Pandas,pandas,case_insensitive,1
1490,Rubyho,rubyho,case_insensitive,1
1491,æ™“é¹¿ä¸æ˜¯é™†,æ™“é¹¿ä¸æ˜¯é™†,exact,1
1492,ç»ˆç©¶é”™ä»˜,ç»ˆç©¶é”™ä»˜,exact,1
1493,ç‹æ´ªæ­¦,ç‹æ´ªæ­¦,exact,1
1494,liujiangchuan,liujiangchuan,exact,1
1495,jiejie,jiejie,exact,1
1496,agiao,agiao,exact,1
1497,aoan,aoan,exact,1
1498,zangsijia,zangsijia,exact,1
1499,rhein,rhein,exact,1
1500,Cr0w,cr0w,case_insensitive,1
1501,Myyo,myyo,case_insensitive,1
1502,amy,amy,exact,1
1503,LIPU,lipu,case_insensitive,1
1504,lhh,lhh,exact,1
1505,wenqingyut,wenqingyut,exact,1
1506,elfania,elfania,exact,1
1507,è‡­å®,è‡­å®,exact,1
1508,æ­¥å†‰,æ­¥å†‰,exact,1
1509,239423330551,239423330551,exact,1
1510,flowersxxl,flowersxxl,exact,1
1511,EX,ex,case_insensitive,1
1512,å¤§è‘£ä¸æ‡‚,å¤§è‘£ä¸æ‡‚,exact,1
1513,aoba,aoba,exact,1
1514,æˆ‘å¼ä½ è€æ¯,æˆ‘å¼ä½ è€æ¯,exact,1
1515,ä½›ç³»,ä½›ç³»,exact,1
1516,lanzhou,lanzhou,exact,1
1517,NH4,nh4,case_insensitive,1
1518,notfenyue,notfenyue,exact,1
1519,raserpan,raserpan,exact,1
1520,holly112376,holly112376,exact,1
1521,ç››å”,ç››å”,exact,1
1522,nmy,nmy,exact,1
1523,Steamriki,steamriki,case_insensitive,1
1524,Moon,moon,case_insensitive,1
1525,tk0027,tk0027,exact,1
1526,mardan,mardan,exact,1
1527,alzat0722,alzat0722,exact,1
1528,ç¦ï¼,ç¦ï¼,exact,1
1529,è“å¤©,è“å¤©,exact,1
1530,nodisease,nodisease,exact,1
1531,Rick,rick,case_insensitive,1
1532,leonchokyan,leonchokyan,exact,1
1533,éœ†sir,éœ†sir,exact,1
1534,lrs2333,lrs2333,exact,1
1535,tingsir111,tingsir111,exact,1
1536,å§œæ¶›,å§œæ¶›,exact,1
1537,è‚†æ˜Ÿè¾°,è‚†æ˜Ÿè¾°,exact,1
1538,ç«æ˜Ÿäºº,ç«æ˜Ÿäºº,exact,1
1539,taosunny,taosunny,exact,1
1540,paro,paro,exact,1
1541,æ€ æƒ°çš„æç£,æ€ æƒ°çš„æç£,exact,1
1542,Lykos,lykos,case_insensitive,1
1543,ug3232,ug3232,exact,1
1544,ç«æ˜Ÿå¤©ç¾Š,ç«æ˜Ÿå¤©ç¾Š,exact,1
1545,youqi096,youqi096,exact,1
1546,PT,pt,case_insensitive,1
1547,xufeng,xufeng,exact,1
1548,marscrasher,marscrasher,exact,1
1549,wkgenius,wkgenius,exact,1
1550,zzzzzyyyyydd,zzzzzyyyyydd,exact,1
1551,pznz,pznz,exact,1
1552,zj111,zj111,exact,1
1553,ç‰›ç‰›å¤§ç¾å¥³,ç‰›ç‰›å¤§ç¾å¥³,exact,1
1554,upchyf,upchyf,exact,1
1555,kouki,kouki,exact,1
1556,Julien,julien,case_insensitive,1
1557,xiaojiaoao,xiaojiaoao,exact,1
1558,Muxing723,muxing723,case_insensitive,1
1559,amigo,amigo,exact,1
1560,ä¹æ—¥æƒŠå¥‡,ä¹æ—¥æƒŠå¥‡,exact,1
1561,oxinkingo,oxinkingo,exact,1
1562,rabbit houseç«æ˜Ÿåˆ†åº—,rabbit houseç«æ˜Ÿåˆ†åº—,exact,1
1563,æ˜Ÿè¾°å¤§æµ·,æ˜Ÿè¾°å¤§æµ·,exact,1
1564,casanova,casanova,exact,1
1565,å¤§æŸ±å­,å¤§æŸ±å­,exact,1
1566,WYXS,wyxs,case_insensitive,1
1567,kino,kino,exact,1
1568,Zarc,zarc,case_insensitive,1
1569,kalipolis_,kalipolis_,exact,1
1570,loooper,loooper,exact,1
1571,é¡¶çœŸ,é¡¶çœŸ,exact,1
1572,èŒ¶å¶ç›’,èŒ¶å¶ç›’,exact,1
1573,å°é˜³å…‰,å°é˜³å…‰,exact,1
1574,loareden,loareden,exact,1
1575,è‹¥å¤©ç„±,è‹¥å¤©ç„±,exact,1
1576,harrison,harrison,exact,1
1577,fe26,fe26,exact,1
1578,PhilFish,philfish,case_insensitive,1
1579,sh-wei,sh-wei,exact,1
1580,jianqiao17,jianqiao17,exact,1
1581,sjttt,sjttt,exact,1
1582,howfine,howfine,exact,1
1583,feng,feng,exact,1
1584,1772274725,1772274725,exact,1
1585,qwee,qwee,exact,1
1586,ahe,ahe,exact,1
1587,æœè´ºä¸€å‡¡,æœè´ºä¸€å‡¡,exact,1
1588,æŸ èŒ,æŸ èŒ,exact,1
1589,npcxigua,NPCXiGua,case_insensitive,1
1590,spectator121,spectator121,exact,1
1591,13464379098,13464379098,exact,1
1592,åˆ€å­äºº,åˆ€å­äºº,exact,1
1593,gavin,gavin,exact,1
1594,nasa,nasa,exact,1
1595,å‘ç§‹,å‘ç§‹,exact,1
1596,Xin,xin,case_insensitive,1
1597,jtjclamp,jtjclamp,exact,1
1598,åŒ—åŸŸä¹‹å±¿,åŒ—åŸŸä¹‹å±¿,exact,1
1599,zwy0514,zwy0514,exact,1
1600,Yunnsya,yunnsya,case_insensitive,1
1601,Syou,syou,case_insensitive,1
1602,å¥½çŒ«çŒ«,å¥½çŒ«çŒ«,exact,1
1603,Mmpdj,mmpdj,case_insensitive,1
1604,zmjqwert,zmjqwert,exact,1
1605,gloria21,gloria21,exact,1
1606,lei,lei,exact,1
1607,liqh,liqh,exact,1
1608,BLACK_uuz,black_UUZ,case_insensitive,1
1609,å®µæš—,å®µæš—,exact,1
1610,jiangcc,jiangcc,exact,1
1611,isaomour,isaomour,exact,1
1612,bailiusan,bailiusan,exact,1
1613,èŠ±ç”Ÿ,èŠ±ç”Ÿ,exact,1
1614,èŒæ–°__,èŒæ–°__,exact,1
1615,ç³–æ‹Œç¦„è§’,ç³–æ‹Œç¦„è§’,exact,1
1616,æ°´æ¯é±¼ç¼¸,æ°´æ¯é±¼ç¼¸,exact,1
1617,Nitrene,nitrene,case_insensitive,1
1618,Carl01,carl01,case_insensitive,1
1619,Takanashi,takanashi,case_insensitive,1
1620,å–µå–µå–µ,å–µå–µå–µ,exact,1
1621,ç¹æ˜Ÿ,ç¹æ˜Ÿ,exact,1
1622,bader,bader,exact,1
1623,106.,106.,exact,1
1624,memQ,memq,case_insensitive,1
1625,é˜¿æ–¯åŠ å¾·,é˜¿æ–¯åŠ å¾·,exact,1
1626,Yangswag,yangswag,case_insensitive,1
1627,HA,ha,case_insensitive,1
1628,å¤è´¤ä¹‹èª“,å¤è´¤ä¹‹èª“,exact,1
1629,å…«å–œå–œ,å…«å–œå–œ,exact,1
1630,ç‹¼å‘œå‘œ,ç‹¼å‘œå‘œ,exact,1
1631,bambooo,bambooo,exact,1
1632,èœ¡ç¬”å°æ–°,èœ¡ç¬”å°æ–°,exact,1
1633,Nothing,nothing,case_insensitive,1
1634,å¿ƒè„èµ·çˆ†,å¿ƒè„èµ·çˆ†,exact,1
1635,kimk,kimk,exact,1
1636,cc4425,cc4425,exact,1
1637,wuhu6688,wuhu6688,exact,1
1638,BAOZI,baozi,case_insensitive,1
1639,ç«åæ¡‘,ç«åæ¡‘,exact,1
1640,abcd123,abcd123,exact,1
1641,ç ´å†›,ç ´å†›,exact,1
1642,æ‡’ç¾Šç¾Šå¤§ç‹,æ‡’ç¾Šç¾Šå¤§ç‹,exact,1
1643,yinlianlei,yinlianlei,exact,1
1644,BING,bing,case_insensitive,1
1645,ä¸­ç®­èŒ,ä¸­ç®­èŒ,exact,1
1646,ä¹æ±Ÿ,ä¹æ±Ÿ,exact,1
1647,æ—ç¼ªå®‡,æ—ç¼ªå®‡,exact,1
1648,kuaibian_marx,kuaibian_marx,exact,1
1649,è¯ºå°ç™½,è¯ºå°ç™½,exact,1
1650,äº†äº†å¤ªç©ºæµæµª,äº†äº†å¤ªç©ºæµæµª,exact,1
1651,binxinkon,binxinkon,exact,1
1652,splatting,splatting,exact,1
1653,isnt4,isnt4,exact,1
1654,Madoka,madoka,case_insensitive,1
1655,026138,026138,exact,1
1656,å’Œå…‰,å’Œå…‰,exact,1
1657,æ¸¸äº‘æµ·,æ¸¸äº‘æµ·,exact,1
1658,wy1,wy1,exact,1
1659,å°åœŸ,å°åœŸ,exact,1
1660,jenna,jenna,exact,1
1661,è€ç”µç‹,è€ç”µç‹,exact,1
1662,alanp,alanp,exact,1
1663,voicer,voicer,exact,1
1664,G7xxxin,g7xxxin,case_insensitive,1
1665,REIJI,reiji,case_insensitive,1
1666,jofrost777,jofrost777,exact,1
1667,huangker,huangker,exact,1
1668,é€†æµé‚ªé£å°çˆ¬è™«,é€†æµé‚ªé£å°çˆ¬è™«,exact,1
1669,Noorder,noorder,case_insensitive,1
1670,hallelujahdoge,hallelujahdoge,exact,1
1671,purewhite,purewhite,exact,1
1672,mwind,mwind,exact,1
1673,mecom,mecom,exact,1
1674,xxxt0,xxxt0,exact,1
1675,å°é»‘,å°é»‘,exact,1
1676,Beichen,beichen,case_insensitive,1
1677,helixjam,helixjam,exact,1
1678,credo,credo,exact,1
1679,carrey424,carrey424,exact,1
1680,dodo,dodo,exact,1
1681,Sargeras,sargeras,case_insensitive,1
1682,mmmmmaswarf,mmmmmaswarf,exact,1
1683,3405002776,3405002776,exact,1
1684,Leyline,leyline,case_insensitive,1
1685,å›¢å­å®‰.,å›¢å­å®‰.,exact,1
1686,xtl,xtl,exact,1
1687,Franklinchan,FranklinChan,case_insensitive,1
1688,yangyangyang,yangyangyang,exact,1
1689,zpl,zpl,exact,1
1690,1686617214,1686617214,exact,1
1691,Dabai530,dabai530,case_insensitive,1
1692,xll,xll,exact,1
1693,Resfir,resfir,case_insensitive,1
1694,è”¡å°è½©,è”¡å°è½©,exact,1
1695,chestnut,chestnut,exact,1
1696,ç”°å¿—è±ª,ç”°å¿—è±ª,exact,1
1697,mahiru,mahiru,exact,1
1698,Tmr,tmr,case_insensitive,1
1699,jerry1024,jerry1024,exact,1
1700,1025657117,1025657117,exact,1
1701,BiluoSORA,biluosora,case_insensitive,1
1702,x_Nine,x_nine,case_insensitive,1
1703,EhRdN,ehrdn,case_insensitive,1
1704,faiz,faiz,exact,1
1705,scat920,scat920,exact,1
1706,Mapliar,mapliar,case_insensitive,1
1707,Elzac,elzac,case_insensitive,1
1708,hhhorizon,hhhorizon,exact,1
1709,elzac,elzac,exact,1
1710,æƒ³ä¸å‡ºåå­—,æƒ³ä¸å‡ºåå­—,exact,1
1711,å§œæ¶›å¤§äºº,å§œæ¶›å¤§äºº,exact,1
1712,zzzzpzz,zzzzpzz,exact,1
1713,x_nine,x_nine,exact,1
1714,ç¬çšç¬,ç¬çšç¬,exact,1
1715,dim,dim,exact,1
1716,15559109789,15559109789,exact,1
1717,loonature,loonature,exact,1
1718,Yukikaze,yukikaze,case_insensitive,1
1719,å°çŒª,å°çŒª,exact,1
1720,c6warb,c6warb,exact,1
1721,white,white,exact,1
1722,å°ç™½,å°ç™½,exact,1
1723,å°å¥‡,å°å¥‡,exact,1
1724,wangjing262621,wangjing262621,exact,1
1725,piers,piers,exact,1
1726,lb7211,lb7211,exact,1
1727,EARENDIL,earendil,case_insensitive,1
1728,diemeng,diemeng,exact,1
1729,è›‹ç‚’é¥­,è›‹ç‚’é¥­,exact,1
1730,iNFsaUF,infsauf,case_insensitive,1
1731,Ehrdn,ehrdn,case_insensitive,1
1732,xxs,xxs,exact,1
1733,å…­ç™¾å…­åå…­,å…­ç™¾å…­åå…­,exact,1
1734,å¿ƒç—•,å¿ƒç—•,exact,1
1735,skyj,skyj,exact,1
1736,lianzi,lianzi,exact,1
1737,jzymz1,jzymz1,exact,1
1738,alaps,alaps,exact,1
1739,NoahLiu,noahliu,case_insensitive,1
1740,yanzhuoqi,yanzhuoqi,exact,1
1741,xiajingyu,xiajingyu,exact,1
1742,aa1085011931,aa1085011931,exact,1
1743,æ— æ•Œæ˜¥åŸç¬å¤§ç‹66,æ— æ•Œæ˜¥åŸç¬å¤§ç‹66,exact,1
1744,MoonLadder,moonladder,case_insensitive,1
1745,bubblecorgi,bubblecorgi,exact,1
1746,Ibukilin,ibukilin,case_insensitive,1
1747,sizelife,sizelife,exact,1
1748,æ–¯å…”åŸº,æ–¯å…”åŸº,exact,1
1749,yuesiyu,yuesiyu,exact,1
1750,åŠ ç¼ª,åŠ ç¼ª,exact,1
1751,tyun,tyun,exact,1
1752,ç¦›è¨€åŠå¶,ç¦›è¨€åŠå¶,exact,1
1753,å¢¨é±¼ä¸¸,å¢¨é±¼ä¸¸,exact,1
1754,é›¨äº¦å¥‡,é›¨äº¦å¥‡,exact,1
1755,aiä½ æ²¡å·®,aiä½ æ²¡å·®,exact,1
1756,hying,hying,exact,1
1757,é©¬å…‹å…”,é©¬å…‹å…”,exact,1
1758,fei yu,fei yu,exact,1
1759,å››åä¸ƒ,å››åä¸ƒ,exact,1
1760,ä¿¡çŒ,ä¿¡çŒ,exact,1
1761,æ½‡è½©é€¢å°˜,æ½‡è½©é€¢å°˜,exact,1
1762,æºœæºœçƒ,æºœæºœçƒ,exact,1
1763,superG,superg,case_insensitive,1
1764,drinkxifan,drinkxifan,exact,1
1765,pengry,pengry,exact,1
1766,tanhuosang,tanhuosang,exact,1
1767,å›¾å—,å›¾å—,exact,1
1768,spritemeng,spritemeng,exact,1
1769,1123,1123,exact,1
1770,åˆ›987,åˆ›987,exact,1
1771,lq_ql,lq_ql,exact,1
1772,zhi,zhi,exact,1
1773,sword099,sword099,exact,1
1774,éœ¸æ°”çš„åå­—,éœ¸æ°”çš„åå­—,exact,1
1775,xiaolin,xiaolin,exact,1
1776,å¢¨åƒš,å¢¨åƒš,exact,1
1777,XUYAN11,xuyan11,case_insensitive,1
1778,è‹¥æœˆã›ã¤ãª,è‹¥æœˆã›ã¤ãª,exact,1
1779,Hxp_497,hxp_497,case_insensitive,1
1780,ç½—æ±‰,ç½—æ±‰,exact,1
1781,Femme,femme,case_insensitive,1
1782,Gman,gman,case_insensitive,1
1783,OKTurtle,okturtle,case_insensitive,1
1784,error,error,exact,1
1785,å¼ å°è‡£,å¼ å°è‡£,exact,1
1786,keilos,keilos,exact,1
1787,Sund,sund,case_insensitive,1
1788,Noora,noora,case_insensitive,1
1789,kkkk2304,kkkk2304,exact,1
1790,happycat,happycat,exact,1
1791,Requiemia,requiemia,case_insensitive,1
1792,çæ¯,çæ¯,exact,1
1793,xieq,xieq,exact,1
1794,clearsol,clearsol,exact,1
1795,Sighbot1,sighbot1,case_insensitive,1
1796,dreamWind,dreamwind,case_insensitive,1
1797,Sigh,sigh,case_insensitive,1
1798,å°æ˜Š,å°æ˜Š,exact,1
1799,dzh,dzh,exact,1
1800,LDS,lds,case_insensitive,1
1801,é•¿æ­Œæ€€é‡‡è–‡,é•¿æ­Œæ€€é‡‡è–‡,exact,1
1802,æš®å†¬,æš®å†¬,exact,1
1803,hecunren11,hecunren11,exact,1
1804,yifan,yifan,exact,1
1805,clna_lvhuana,clna_lvhuana,exact,1
1806,W.D.gaster,w.d.gaster,case_insensitive,1
1807,jiayi,jiayi,exact,1
1808,winnie,winnie,exact,1
1809,ccccccc,ccccccc,exact,1
1810,LQK,lqk,case_insensitive,1
1811,è§‚ä¼—177,è§‚ä¼—177,exact,1
1812,qq,qq,exact,1
1813,é˜¿æ ‘,é˜¿æ ‘,exact,1
1814,ä¹é˜–,ä¹é˜–,exact,1
1815,Liwhys,liwhys,case_insensitive,1
1816,tear,tear,exact,1
1817,lwny,lwny,exact,1
1818,ç¿”ç¿”æ»´0,ç¿”ç¿”æ»´0,exact,1
1819,sakuyaa,sakuyaa,exact,1
1820,ryowood,ryowood,exact,1
1821,nevernine,nevernine,exact,1
1822,å‘†å‘†å…¬ä¸»,å‘†å‘†å…¬ä¸»,exact,1
1823,liwhys,liwhys,exact,1
1824,zqlyyq,zqlyyq,exact,1
1825,tb,tb,exact,1
1826,HXY,hxy,case_insensitive,1
1827,6mmm,6mmm,exact,1
1828,é€æµªå±±,é€æµªå±±,exact,1
1829,å¦™å•Š,å¦™å•Š,exact,1
1830,kasunico,kasunico,exact,1
1831,é¡¾å†‰å¤§å°å§,é¡¾å†‰å¤§å°å§,exact,1
1832,asd545,asd545,exact,1
1833,åœŸè±†è¶…äºº,åœŸè±†è¶…äºº,exact,1
1834,å°æ½˜1,å°æ½˜1,exact,1
1835,å°æ ‘ç«‹,å°æ ‘ç«‹,exact,1
1836,angla manul,angla manul,exact,1
1837,ç‹ç–¯ä»”,ç‹ç–¯ä»”,exact,1
1838,lds/,lds/,exact,1
1839,xd,xd,exact,1
1840,æˆ‘tmè½¨é“æ¸…æ´å‘¢,æˆ‘tmè½¨é“æ¸…æ´å‘¢,exact,1
1841,ice,ice,exact,1
1842,æ…•æ–¯ç±³,æ…•æ–¯ç±³,exact,1
1843,bubuluwawa,bubuluwawa,exact,1
1844,Cjin,cjin,case_insensitive,1
1845,Lullaby,lullaby,case_insensitive,1
1846,tianxiaqingqi,tianxiaqingqi,exact,1
1847,AAA12138,aaa12138,case_insensitive,1
1848,é…Œå¯ä¹,é…Œå¯ä¹,exact,1
1849,è¦è‡´å¯Œå…ˆç§æ ‘,è¦è‡´å¯Œå…ˆç§æ ‘,exact,1
1850,boyang110110,boyang110110,exact,1
1851,æ½˜æ¢¦çª,æ½˜æ¢¦çª,exact,1
1852,hao,hao,exact,1
1853,__æ¸…æ˜__,__æ¸…æ˜__,exact,1
1854,é‡‡é›†ä¸€ä¸ª,é‡‡é›†ä¸€ä¸ª,exact,1
1855,å¾®ç¬‘çš„æ ‘æ‡’,å¾®ç¬‘çš„æ ‘æ‡’,exact,1
1856,xylt,xylt,exact,1
1857,SHIRT,shirt,case_insensitive,1
1858,Yvonne404,yvonne404,case_insensitive,1
1859,koda,koda,exact,1
1860,sulin1991,sulin1991,exact,1
1861,vennominon,vennominon,exact,1
1862,RubyHo,rubyho,case_insensitive,1
1863,Sofu,sofu,case_insensitive,1
1864,neko0,neko0,exact,1
1865,yinch,yinch,exact,1
1866,lyh,lyh,exact,1
1867,CELLInia,cellinia,case_insensitive,1
1868,bahamoth,bahamoth,exact,1
1869,åæ¥å±…å°š,åæ¥å±…å°š,exact,1
1870,å°å°èˆªå¤©å‘˜,å°å°èˆªå¤©å‘˜,exact,1
1871,æŸ¯å—,æŸ¯å—,exact,1
1872,choko,choko,exact,1
1873,wzc,wzc,exact,1
1874,Zt,zt,case_insensitive,1
1875,adamyangkl,adamyangkl,exact,1
1876,py,py,exact,1
1877,zwjesson,zwjesson,exact,1
1878,george,george,exact,1
1879,sword01,sword01,exact,1
1880,gray,gray,exact,1
1881,å¤œçŒ«,å¤œçŒ«,exact,1
1882,æ˜Ÿæ²‰æµ·,æ˜Ÿæ²‰æµ·,exact,1
1883,thorinx,thorinx,exact,1
1884,Vernon,vernon,case_insensitive,1
1885,ph3rin,ph3rin,exact,1
1886,å·¥å£å‘ç”Ÿ,å·¥å£å‘ç”Ÿ,exact,1
1887,ç™½ç†Š,ç™½ç†Š,exact,1
1888,é¡¹åé‡‘,é¡¹åé‡‘,exact,1
1889,MTYD,mtyd,case_insensitive,1
1890,siner2013,siner2013,exact,1
1891,dreamfire,dreamfire,exact,1
1892,sidongcc,sidongcc,exact,1
1893,muxiaqing0120,muxiaqing0120,exact,1
1894,dzisit,dzisit,exact,1
1895,tendoca,tendoca,exact,1
1896,ç½—å³°,ç½—å³°,exact,1
1897,æ¸…æ¬¢,æ¸…æ¬¢,exact,1
1898,Yedzzz,yedzzz,case_insensitive,1
1899,shinn,shinn,exact,1
1900,sè±ª,sè±ª,exact,1
1901,LJ096,lj096,case_insensitive,1
1902,mu_tou_ren,mu_tou_ren,exact,1
1903,FANHUA,fanhua,case_insensitive,1
1904,diogenes,diogenes,exact,1
1905,rubyho,rubyho,exact,1
1906,æ²¡äº‹,æ²¡äº‹,exact,1
1907,yh,yh,exact,1
1908,æ— æ•Œå¤§é»„,æ— æ•Œå¤§é»„,exact,1
1909,loneram259,loneram259,exact,1
1910,æµæœ¨,æµæœ¨,exact,1
1911,where is your power,where is your power,exact,1
1912,doge,doge,exact,1
1913,197,197,exact,1
1914,æ—¶é›¨,æ—¶é›¨,exact,1
1915,kelwin,kelwin,exact,1
1916,1796998014,1796998014,exact,1
1917,changkong,changkong,exact,1
1918,shirt,shirt,exact,1
1919,IsaacBot,isaacbot,case_insensitive,1
1920,è·³æ°´å† å†›,è·³æ°´å† å†›,exact,1
1921,TMR,tmr,case_insensitive,1
1922,rocat,rocat,exact,1
1923,zyyz,zyyz,exact,1
1924,Lidai,lidai,case_insensitive,1
1925,å—å®«å²š,å—å®«å²š,exact,1
1926,alin16,alin16,exact,1
1927,ujhns,ujhns,exact,1
1928,abiii,abiii,exact,1
1929,rayguyplayz,rayguyplayz,exact,1
1930,å£«èæ¯”äºš,å£«èæ¯”äºš,exact,1
1931,lechi,lechi,exact,1
1932,thlee0203,thlee0203,exact,1
1933,sysy,sysy,exact,1
1934,waklw,waklw,exact,1
1935,guhe,guhe,exact,1
1936,Luckydice,luckydice,case_insensitive,1
1937,ä¸€é¢—é‡è”·è–‡,ä¸€é¢—é‡è”·è–‡,exact,1
1938,Lizabove,lizabove,case_insensitive,1
1939,mrparr,mrparr,exact,1
1940,lilspark,lilspark,exact,1
1941,wht,å”¯æ…•,alias,1
1942,hrjat,hrjat,exact,1
1943,å°F,å°f,case_insensitive,1
1944,VUUV,vuuv,case_insensitive,1
1945,å¸Œè‰,å¸Œè‰,exact,1
1946,nitrophorus,nitrophorus,exact,1
1947,SUND,sund,case_insensitive,1
1948,NOORA,noora,case_insensitive,1
1949,lingli,lingli,exact,1
1950,benben123,benben123,exact,1
1951,ç›¼ç›¼,ç›¼ç›¼,exact,1
1952,dolltinnu,dolltinnu,exact,1
1953,é©¬é©¬2,é©¬é©¬2,exact,1
1954,ç†±glow,ç†±glow,exact,1
1955,å¤§æ·±,å¤§æ·±,exact,1
1956,æ¹®æ›¦,æ¹®æ›¦,exact,1
1957,mpie,mpie,exact,1
1958,uo07,uo07,exact,1
1959,moonsin,moonsin,exact,1
1960,Hikaru,hikaru,case_insensitive,1
1961,Kimberley,kimberley,case_insensitive,1
1962,fuyuw,fuyuw,exact,1
1963,giggle,giggle,exact,1
1964,kathycheung,kathycheung,exact,1
1965,LECHI,lechi,case_insensitive,1
1966,XU,xu,case_insensitive,1
1967,cunguang,cunguang,exact,1
1968,15810057173,15810057173,exact,1
1969,äº”äº¿ä¸ªå°é“ƒé“›,äº”äº¿ä¸ªå°é“ƒé“›,exact,1
1970,windangelelf,windangelelf,exact,1
1971,Kyooo,kyooo,case_insensitive,1
1972,NAMI,nami,case_insensitive,1
1973,ç­±ç­±,ç­±ç­±,exact,1
1974,åå­,åå­,exact,1
1975,xfg,xfg,exact,1
1976,LIUH,liuh,case_insensitive,1
1977,maminanyimi,maminanyimi,exact,1
1978,æ¯”æ ¼çš®è‚æ–¯,æ¯”æ ¼çš®è‚æ–¯,exact,1
1979,LP,lp,case_insensitive,1
1980,æ´²æœ‰å…­ç‚¹æ°´,æ´²æœ‰å…­ç‚¹æ°´,exact,1
1981,Sheng,sheng,case_insensitive,1
1982,whicy,whicy,exact,1
1983,lpy,lpy,exact,1
1984,chickenbro,chickenbro,exact,1
1985,äººç±»å¸æ˜Ÿ,äººç±»å¸æ˜Ÿ,exact,1
1986,helpless,helpless,exact,1
1987,äº”æ›´å¼¦å®‡,äº”æ›´å¼¦å®‡,exact,1
1988,COOKIEZ,cookiez,case_insensitive,1
1989,æµæ­Œ,æµæ­Œ,exact,1
1990,xellosean,xellosean,exact,1
1991,æœˆæœˆ,æœˆæœˆ,exact,1
1992,huacanyun,huacanyun,exact,1
1993,313sc,313sc,exact,1
1994,zxd20040608,zxd20040608,exact,1
1995,å¯è¾¾é¸­æ•™æ•™ä¸»,å¯è¾¾é¸­æ•™æ•™ä¸»,exact,1
1996,oysterå¥‘,oysterå¥‘,exact,1
1997,cliff blossom,cliff blossom,exact,1
1998,LIUHUI,liuhui,case_insensitive,1
1999,GaoMZ,gaomz,case_insensitive,1
2000,yyfyyf1234,yyfyyf1234,exact,1
2001,å¤©æ‰çŒ«çŒ«,å¤©æ‰çŒ«çŒ«,exact,1
2002,Astrojia,astrojia,case_insensitive,1
2003,darylu2025,darylu2025,exact,1
2004,åŠ åŠ æ—,åŠ åŠ æ—,exact,1
2005,å°é“ƒé“›çˆ±ç¡è§‰,å°é“ƒé“›çˆ±ç¡è§‰,exact,1
2006,wsw1840,wsw1840,exact,1
2007,mmzz,mmzz,exact,1
2008,differential,differential,exact,1
2009,mimeng,mimeng,exact,1
2010,bcmxy,bcmxy,exact,1
2011,äº‘ä¸å½’å·,äº‘ä¸å½’å·,exact,1
2012,xy123,xy123,exact,1
2013,sheahot,sheahot,exact,1
2014,frank2002,frank2002,exact,1
2015,æ— è¯­,æ— è¯­,exact,1
2016,ç©ºç™½,ç©ºç™½,exact,1
2017,æå“è±«,æå“è±«,exact,1
2018,NO22,no22,case_insensitive,1
2019,xinyuan001,xinyuan001,exact,1
2020,huruce,huruce,exact,1
2021,æ˜¯ç«æ˜Ÿæœ¬åœ°äºº,æ˜¯ç«æ˜Ÿæœ¬åœ°äºº,exact,1
2022,ä¸€å£å°æ±¤åœ†,ä¸€å£å°æ±¤åœ†,exact,1
2023,Fantao_,fantao_,case_insensitive,1
2024,yd,yd,exact,1
2025,missccq,missccq,exact,1
2026,806358662@qq.com,806358662@qq.com,exact,1
2027,wowo42,wowo42,exact,1
2028,è‰¾ä¸½å¡,è‰¾ä¸½å¡,exact,1
2029,sikmy,sikmy,exact,1
2030,æ©˜å­121,æ©˜å­121,exact,1
2031,killmeter,killmeter,exact,1
2032,çŒ«çŒ«121,çŒ«çŒ«121,exact,1
2033,zwj,zwj,exact,1
2034,bard,bard,exact,1
2035,kvnaze,kvnaze,exact,1
2036,é•¿ç†ç”µæ°”no1,é•¿ç†ç”µæ°”no1,exact,1
2037,datessk,datessk,exact,1
2038,è¥¿å…°èŠ±,è¥¿å…°èŠ±,exact,1
2039,frostnova,frostnova,exact,1
2040,dinnerV5,dinnerv5,case_insensitive,1
2041,CS1867,cs1867,case_insensitive,1
2042,èŠå£«ç•ªè–¯,èŠå£«ç•ªè–¯,exact,1
2043,littlehua,littlehua,exact,1
2044,daisy,daisy,exact,1
2045,z86381083,z86381083,exact,1
2046,WOOWOO,woowoo,case_insensitive,1
2047,ECHO,echo,case_insensitive,1
2048,fantao_,fantao_,exact,1
2049,shushan,shushan,exact,1
2050,å­¤å¶æ–¹èˆŸ,å­¤å¶æ–¹èˆŸ,exact,1
2051,r7775088,r7775088,exact,1
2052,Lucasbiu,lucasbiu,case_insensitive,1
2053,qfsm,qfsm,exact,1
2054,yuekejelly,yuekejelly,exact,1
2055,Zhan,zhan,case_insensitive,1
2056,hfcolin,hfcolin,exact,1
2057,lovahahaha,lovahahaha,exact,1
2058,è«çŸ¥å‘½,è«çŸ¥å‘½,exact,1
2059,666,666,exact,1
2060,å©‰å©‰,å©‰å©‰,exact,1
2061,å—æµ·,å—æµ·,exact,1
2062,kotobuki_tsumugi,kotobuki_tsumugi,exact,1
2063,waimiku,waimiku,exact,1
2064,guapeton,guapeton,exact,1
2065,lmw,lmw,exact,1
2066,Feng,feng,case_insensitive,1
2067,ki1,ki1,exact,1
2068,pan,pan,exact,1
2069,ã€‚ï¼Œ,ã€‚ï¼Œ,exact,1
2070,2235062486,2235062486,exact,1
2071,å¤©ä¸Œå‡ ä¸¶,å¤©ä¸Œå‡ ä¸¶,exact,1
2072,xym666,xym666,exact,1
2073,senpasentou,senpasentou,exact,1
2074,s-smile,s-smile,exact,1
2075,Wilson,wilson,case_insensitive,1
2076,atom,atom,exact,1
2077,wangxing0321,wangxing0321,exact,1
2078,kui,kui,exact,1
2079,jizhe.gu,jizhe.gu,exact,1
2080,ä¸€åŠ ä¸€,ä¸€åŠ ä¸€,exact,1
2081,a549787863,a549787863,exact,1
2082,FDW,fdw,case_insensitive,1
2083,naja,naja,exact,1
2084,çˆ·æ¤°å¤œå¶è€¶,çˆ·æ¤°å¤œå¶è€¶,exact,1
2085,verllactorlize,verllactorlize,exact,1
2086,tanghui2,tanghui2,exact,1
2087,å²è¿äº‘æš®,å²è¿äº‘æš®,exact,1
2088,G_MAN,g_man,case_insensitive,1
2089,stapleh1tagi,stapleh1tagi,exact,1
2090,WXJ,wxj,case_insensitive,1
2091,æ³¢æ³¢,æ³¢æ³¢,exact,1
2092,arthurhhy,arthurhhy,exact,1
2093,PQ,pq,case_insensitive,1
2094,TEd,ted,case_insensitive,1
2095,ga0597,ga0597,exact,1
2096,rawy,rawy,exact,1
2097,yp532,yp532,exact,1
2098,å°äº”ç¾Š,å°äº”ç¾Š,exact,1
2099,äºŒå®½,äºŒå®½,exact,1
2100,beyonder,beyonder,exact,1
2101,khan,khan,exact,1
2102,å¯ä»¥éª‘,å¯ä»¥éª‘,exact,1
2103,bylandking,bylandking,exact,1
2104,_SS_,_ss_,case_insensitive,1
2105,qaz345907901,qaz345907901,exact,1
2106,kaiji,kaiji,exact,1
2107,tym,tym,exact,1
2108,vivi,vivi,exact,1
2109,é»„é¸¡,é»„é¸¡,exact,1
2110,ç«é¾™æœ,ç«é¾™æœ,exact,1
2111,hone777,hone777,exact,1
2112,cloudy,cloudy,exact,1
2113,toothpaste,toothpaste,exact,1
2114,hanfe6,hanfe6,exact,1
2115,riika,riika,exact,1
2116,nene,nene,exact,1
2117,asun,asun,exact,1
2118,sheep,sheep,exact,1
2119,dtywood,dtywood,exact,1
2120,2280768830@qq.com,2280768830@qq.com,exact,1
2121,Daniel,daniel,case_insensitive,1
2122,å¹»æƒ³å®¶JJ,å¹»æƒ³å®¶jj,case_insensitive,1
2123,orioner,orioner,exact,1
2124,sky1997,sky1997,exact,1
2125,æ•‘ä¸–ä¸»,æ•‘ä¸–ä¸»,exact,1
2126,JackyDS,jackyds,case_insensitive,1
2127,æ— æ¢¦2,æ— æ¢¦2,exact,1
2128,R7775088,r7775088,case_insensitive,1
2129,ccyyzzz,ccyyzzz,exact,1
2130,jlxbd,jlxbd,exact,1
2131,luna1122,luna1122,exact,1
2132,baileyleonard,baileyleonard,exact,1
2133,jesus,jesus,exact,1
2134,gan,gan,exact,1
2135,yooozzz1,yooozzz1,exact,1
2136,å†²é”‹,å†²é”‹,exact,1
2137,zcsnjump,zcsnjump,exact,1
2138,cyr180,cyr180,exact,1
2139,piedpiper,piedpiper,exact,1
2140,ltflover2,ltflover2,exact,1
2141,ä½³è½©,ä½³è½©,exact,1
2142,2397541142,2397541142,exact,1
2143,123456789jj,123456789jj,exact,1
2144,717560136,717560136,exact,1
2145,ç‰ç±³,ç‰ç±³,exact,1
2146,ç­±ç«æ³·,ç­±ç«æ³·,exact,1
2147,ç‰§ç¥å°é‡,ç‰§ç¥å°é‡,exact,1
2148,ji1y2,ji1y2,exact,1
2149,ji1y,ji1y,exact,1
2150,louistarr,louistarr,exact,1
2151,K3K,k3k,case_insensitive,1
2152,momo orange,momo orange,exact,1
2153,suzumiya,suzumiya,exact,1
2154,è·è·å…ˆç”Ÿ,è·è·å…ˆç”Ÿ,exact,1
2155,Minvivo50,minvivo50,case_insensitive,1
2156,å·´å·´æ‰˜æ–¯æ³¡æ¸æ,å·´å·´æ‰˜æ–¯æ³¡æ¸æ,exact,1
2157,æ¨æ–¯ç‰¹è´¼è´¼,æ¨æ–¯ç‰¹è´¼è´¼,exact,1
2158,natalie-,natalie-,exact,1
