rank,未匹配用户名,出现频率,真实用户名
1,绿色,1062
2,红色,1038
3,黄色,433
4,ALON,432
5,1,379
6,2,332
7,ALOON,249
8,YZ,241
9,王振华,238
10,蓝色,228
11,Pink,195
12,紫色,128
13,明年,126
14,·牢大,114
15,DW,112
16,LW,108
17,刘,107
18,全,102
19,ST IZEM,102
20,TL,98
21,伟,97
22,Martin,94
23,张,91
24,李,91
25,晨,89
26,乐乐哥,88
27,SA,88
28,乐,86
29,Cellinia,84
30,Pocky,83
31,文杰,83
32,YXsu,83
33,~木,82
34,HMS,79
35,黑色,72
36,孙,71
37,雞神,70
38,wyg,70
39,bhb,68
40,于立言BEN,66
41,妹妹,65
42,~xia,64
43,樟狼,62
44,t,61
45,舒神,60
46,延斐,60
47,~ybb,58
48,jwt,58
49,Thlee0203,58
50,GJ,56
51,大春,55
52,LIDAI,54
53,托,50
54,一帆,50
55,大悲,49
56,~请坐,49
57,熊神,49
58,Sdg,48
59,misaki,47
60,~htt,47
61,秋水抚墨,47
62,杨,47
63,幻影联盟男人,44
64,z,44
65,梅梅,44
66,王,43
67,飞,43
68,爛爛樟,42
69,村长,41
70,SZH,40
71,Askera,40
72,J,39
73,·5k1,39
74,曹,38
75,雞,37
76,熊猫仔,37
77,你猜,37
78,Cy,36
79,阿,36
80,Fat,36
81,星絮,36
82,康博,36
83,·芜湖,36
84,屌屌默,35
85,·兔鱼,35
86,调和菜菜,35
87,默神,35
88,WMsnow,34
89,Liyo,33
90,3,33
91,ljt,32
92,Dbg,31
93,断罪之枪,31
94,cy,31
95,Q,30
96,琉璃,30
97,昊阳,30
98,S,30
99,Wanxiangchengguan,30
100,`牢大,29
101,l,28
102,cett,28
103,啾啾,28
104,222✌,27
105,塔,27
106,棒棒雞,27
107,fat,27
108,L,27
109,lyq,26
110,阿酉,26
111,曹神,26
112,111✌,26
113,團長,25
114,安義,25
115,请坐～,25
116,wyboar,25
117,博,25
118,SDG,25
119,sdg,25
120,·b猫,25
121,胡,25
122,·铃铛,25
123,wsj,24
124,带恶人,24
125,悲,24
126,向嘟嘟,24
127,妹抖,24
128,dbg,24
129,mmmmbk,24
130,夜色,23
131,蒋,23
132,慕奇,23
133,🦆,23
134,全神,23
135,Maya01,23
136,梁,23
137,何,23
138,莉莉娅,22
139,可汗近卫,22
140,·5637,22
141,月,22
142,默,22
143,猴猴,22
144,60,22
145,zsb,22
146,三,22
147,谭火桑,22
148,🐔,22
149,chai,22
150,兰,22
151,延长战线,21
152,·吃宝,21
153,蕊青✌,21
154,群主,21
155,侯桑,21
156,雞雞,21
157,wsc,20
158,落鹰,20
159,郜,20
160,海蛞蝓,20
161,Echo,20
162,zao,20
163,`芜湖,20
164,FNF,20
165,杰,20
166,~花,20
167,马,20
168,妹妹✌,19
169,wdjc,19
170,~xhh,19
171,小戴,19
172,~c,19
173,gagagagaga,19
174,Raaaay,19
175,huasong,19
176,Jecin,19
177,盖,19
178,齐,19
179,~ikun,18
180,DBG,18
181,请坐⊙▽⊙,18
182,MMPDJ,18
183,~ymm,18
184,🕊️🕊️🕊️,18
185,老登,18
186,bqn,18
187,鹅子,17
188,城南派出所,17
189,白,17
190,兰舟,17
191,安璃,17
192,b,17
193,唐天✌️,17
194,zaozao,17
195,色样,17
196,唐天✌,17
197,~币,17
198,瓜,17
199,~xll,17
200,~fx,17
201,许老师,16
202,鬼鬼,16
203,Kanesiphy,16
204,姜丝,16
205,a,16
206,琪露诺,16
207,猪,16
208,lyl,16
209,kain,16
210,熊,16
211,一只小哼,16
212,🥬,16
213,花,16
214,Kano,16
215,哈吃,16
216,~华子,16
217,C.C,16
218,翔,15
219,~cb,15
220,franklinChan,15
221,~,15
222,狂,15
223,姐姐( •̀ ω •́ )y,15
224,雪糕,15
225,查尔斯伯爵,15
226,姐姐,15
227,姐姐✌,15
228,许壮✌,15
229,杰斯,15
230,懋,15
231,满星,15
232,钰,15
233,白夜,15
234,小羊同学,15
235,泡泡114,15
236,陈,15
237,lnr,15
238,泡泡,15
239,子规,14
240,y,14
241,老老曹,14
242,闹,14
243,~chaosed,14
244,DVD,14
245,qxy,14
246,伦,14
247,~兔鱼,14
248,欧阳✌,14
249,ATAT,14
250,香,14
251,Re,14
252,k,14
253,唐天( •̀ ω •́ )y,14
254,h,14
255,le,14
256,亲小于,14
257,七里,14
258,鸭,14
259,骑鹤,14
260,W.D.Gaster,13
261,雄,13
262,噜噜,13
263,饱子爹,13
264,齊神,13
265,饱子妈,13
266,~桃,13
267,瓜皮,13
268,朱,13
269,jws,13
270,iMissWonder,13
271,Ted,13
272,蒋蒋,13
273,咕,13
274,袋,13
275,老周,13
276,稚名,13
277,black_UUZ ,13
278,qing,13
279,枫糖奶昔,13
280,猫,13
281,麦麦,13
282,hjl,13
283,韩某,13
284,白老师,13
285,吴某,13
286,LF,13
287,零一,13
288,妹妹( •̀ ω •́ )y,13
289,沃夫杰斯,12
290,ml,12
291,泉哥,12
292,~konan,12
293,杀,12
294,哈,12
295,周,12
296,sif,12
297,幻影,12
298,七月,12
299,青冥,12
300,鱼,12
301,啰啰,12
302,韩,12
303,帅帅帅,12
304,欧阳✌️,11
305,·岚,11
306,阿胡,11
307,xihuanmawei,11
308,许壮( •̀ ω •́ )y,11
309,LJC,11
310,勳,11
311,julov,11
312,恩泽,11
313,欧阳,11
314,天赐,11
315,旺,11
316,🐷🐷🐷,11
317,豪哥,11
318,黑岛,11
319,龙,11
320,king,11
321,懒神,11
322,🐒,11
323,陆,11
324,钟,11
325,111( •̀ ω •́ )y,11
326,维维老师,11
327,吾,11
328,H,11
329,李智凯,11
330,`铃铛,11
331,rα—1n ,11
332,猛猛熊,11
333,漂亮丹丹,11
334,Isheach,11
335,杨梅,11
336,小康,11
337,梓墨,11
338,断崖梅,11
339,扶月,11
340,姚,11
341,BakaLuLu,11
342,蛙,11
343,小王子,11
344,章鱼哥,11
345,许老师耶,11
346,八,10
347,延长,10
348,方,10
349,折言,10
350,`5k1,10
351,wjc,10
352,Winter.Violet,10
353,xbb,10
354,~虾,10
355,sb,10
356,茄,10
357,甲鱼,10
358,G.KM,10
359,小爱小爱,10
360,浮光掠影,10
361,🕊,10
362,~玉米面,10
363,薯饼,10
364,lcx,10
365,蕉太狼,10
366,臭,10
367,小梭,10
368,copy.chang,10
369,丁某,10
370,康康,10
371,君,10
372,MONO,10
373,茶,10
374,维克托,10
375,大白,10
376,雪菜,10
377,You,10
378,冰块谢谢,10
379,思远,10
380,wu,10
381,大大雞,10
382,水,10
383,🐦,10
384,小崔,9
385,查尔斯,9
386,虎王,9
387,Hying,9
388,长理电气No1,9
389,carl01 ,9
390,RAVEN,9
391,STOP,9
392,梦,9
393,艾老师,9
394,猫尾,9
395,~  ,9
396,蛋,9
397,xrk,9
398,蕊青( •̀ ω •́ )y,9
399,王老师,9
400,酱油骨,9
401,默默,9
402,泡泡泡泡我爱泥,9
403,q,9
404,小先生,9
405,w,9
406,唐,9
407,猴,9
408,`5637,9
409,tade,9
410,👑🌳🌳,9
411,增,9
412,~大海,9
413,wybao,9
414,插死伯爵,9
415,软糯泡泡,9
416,yzhh,9
417,ir,9
418, x118,9
419,axc,9
420,~云,9
421,qyf,9
422,sw,9
423,`吃宝,9
424,WL,9
425,邓,9
426,卷卷卷卷卷卷,8
427,申,8
428,灵玖,8
429,Linhao,8
430,JJ,8
431,黄,8
432,鬼軍曹,8
433,大海王,8
434,ZC,8
435,小羊耶,8
436,hikaru3,8
437,joe3,8
438,冯,8
439,lsj,8
440,侯,8
441,小爱,8
442,潘,8
443,芳,8
444,Raven,8
445,222( •̀ ω •́ )y,8
446,林,8
447,·☁️,8
448,lance,8
449,江,8
450,D,8
451,顺子,8
452,季风,8
453,🐴,8
454,Anubis,8
455,XBB,8
456,云,8
457,问题,8
458,~ym,8
459,吃宝,8
460,牛瓜瓜,8
461,automuen,8
462,百合,8
463,T,8
464,33,8
465,剑,8
466,s,8
467,阿馒,8
468,4,8
469,chovy,8
470,千寻,8
471,~信,8
472,赛尔娅,8
473,狂狂全,8
474,鑫,8
475,😴,8
476,kkz,8
477,王百合,7
478,桃花,7
479,禁忌之门,7
480,Newanderer,7
481,林雨甜,7
482,歐西里斯的天空舒,7
483,黑,7
484,周杰伦,7
485,绿,7
486,无语1306,7
487,~夹,7
488,🍮🐱,7
489,归零,7
490,煎三文鱼,7
491,莉莉娅.,7
492,硕,7
493,·ct,7
494,许壮✌️,7
495,门,7
496,Deemo98,7
497,強強舒,7
498,鸭鸭,7
499,第十,7
500,小张,7
501,wcl,7
502,Ashland,7
503,~高达,7
504,zsy,7
505,sbjc,7
506,bocat,7
507,Cola96,7
508,对酒,7
509,曹曹,7
510,麥神,7
511,AXC,7
512,皮尔利,7
513,50,7
514,威利博士,7
515,的士,7
516,Guyida,7
517,~芜湖,7
518,~铃铛,7
519,❤️,7
520,dog,7
521,~🔔,7
522,jiyu,7
523,鸡,7
524,c,7
525,奇,7
526,宋,7
527,工作猫,7
528,j,7
529,zhy,7
530,FAT,7
531,👴,7
532,汪,7
533,景少,7
534,呼呼✌,7
535,沐雨橙风 ,7
536,小爱.,7
537,佛爷,6
538,冰茶,6
539,xya,6
540,天海,6
541,~小纪,6
542,yuyuy,6
543,星空,6
544,~雪原,6
545,SJENKA,6
546,可汗近卫114,6
547,天平,6
548,牢许,6
549,Razorzzz,6
550,~居居画,6
551,魏,6
552,呼呼( •̀ ω •́ )y,6
553,嘿嘿( •̀ ω •́ )y,6
554,A,6
555,ialand,6
556,haoge,6
557,泡泡114514,6
558,qs,6
559,霜,6
560,Zhi,6
561,xg,6
562,雷,6
563,夏江小春,6
564,Gumimi,6
565,x118 ,6
566,红,6
567,禁忌114514,6
568,wyx,6
569,清风114,6
570,嘿嘿✌,6
571,gz,6
572,宇哥,6
573,Yj老师,6
574,老师,6
575,小麦麦,6
576,柴,6
577,铁队长,6
578,LDY,6
579,ysx,6
580,天哥,6
581,豆子哥,6
582,Alaps,6
583,PMQ,6
584,King,6
585,🐈鸽,6
586,woowoo ,6
587,清酒,6
588,星霜,6
589,Sn,6
590,老蒯,6
591,ShCola,6
592,帅哥,6
593,combocombo,6
594,Antares,6
595,大雄,6
596,橘子树,6
597,炮,6
598,wuyu1306,6
599,leaf,6
600,秋水,6
601,EdwardE,6
602,DDDZZZ,6
603,3333333333,6
604,lby,6
605,胞,5
606,欧阳( •̀ ω •́ )y,5
607,薯,5
608,村,5
609,兰润东,5
610,昕,5
611,圆某船,5
612,首字母,5
613,许老板✌️,5
614,伸,5
615,玛薇卡,5
616,tc,5
617,cbwin,5
618,戴,5
619,~🌸,5
620,阿賢,5
621,YuffiYuffi,5
622,hc,5
623,gagagaga,5
624,`yuan,5
625,高帆,5
626,果酱,5
627,老c,5
628,威,5
629,~🐰,5
630,范,5
631,sinu,5
632,Carl,5
633,能猫,5
634,蛞蝓猫,5
635,氨,5
636,肖,5
637,雨夜,5
638,宁,5
639,熙泽,5
640,行者,5
641,冰块,5
642,弟弟,5
643,凡凡,5
644,远朝,5
645,~北川,5
646,烤肉,5
647,凌老板,5
648,eyu,5
649,生医,5
650,yj,5
651,33333,5
652,舟遥,5
653,Stanley,5
654,瑶光,5
655,鹅鹅鹅鹅鹅鹅,5
656,Peach15,5
657,羲和,5
658,~画,5
659,麻哈114,5
660,拂晓,5
661,强,5
662,小晗,5
663,达子,5
664,lwz,5
665,小鸡,5
666,mio ,5
667,许老板,5
668,~胡胡喵,5
669,lzj,5
670,alzat,5
671,MaggieZheng,5
672,猛猛全,5
673,333333333,5
674,小,5
675,~ysx,5
676,景,5
677,Tiro,5
678,念咒,5
679,仙儿,5
680,正邪,5
681,立斐,5
682,ZWJ,5
683,33333333,5
684,QiguanSu,5
685,币,5
686,~维维老师,5
687,🐶,5
688,·🚁,5
689,狗,5
690,yj.,5
691,🚁,5
692,zjc,5
693,🐭,5
694,悲处,5
695,~居居,5
696,·🦆,5
697,悲畜,5
698,zhd,5
699,德美兵,5
700,InfSauf,5
701,O,5
702,紫,5
703,潘子,5
704,sxz,5
705,浩子,5
706,王思成,5
707,S貓,5
708,zjj,5
709,皮尔.,5
710,^_^,5
711,Lolierl,5
712,全民超人,5
713,胖哥,5
714,胖,5
715,仙儿.,4
716,~雩喵喵,4
717,小狗,4
718,姐姐✌️,4
719,徐,4
720,florence,4
721,曹冲冲,4
722,bsylh ,4
723,陈昕,4
724,~wmm,4
725,mhb,4
726,妹妹✌️,4
727,doro,4
728,林小鱼,4
729,🙂🙂🙂,4
730,小廖,4
731,一只吃饭的猫,4
732,狂狂麥,4
733,pw,4
734,天使闹儿,4
735,子墨,4
736,冷殇www ,4
737,~十七,4
738,喻,4
739,理想,4
740,银子,4
741,秦云飞,4
742,木鱼,4
743,阿胡阿胡,4
744,脑,4
745,佳荣,4
746,weixing,4
747,凯,4
748,侯明,4
749,NEKO,4
750,~吃宝,4
751,阿艺,4
752,硕哥,4
753,洲,4
754,熊麻吉,4
755,liao,4
756,老螭,4
757,王思诚,4
758,chief,4
759,闹闹,4
760,🐵,4
761,強強默,4
762,蔡,4
763,无情,4
764,heidao,4
765,B,4
766,陶,4
767,qin_xiao_yu,4
768,卷卷卷卷卷卷卷,4
769,马斯克,4
770,蒋蒋蒋蒋蒋,4
771,鼠,4
772,tjb,4
773,Y,4
774,一乐,4
775,~居居桃,4
776,TED,4
777,Rinaoto,4
778,麦,4
779,LNR,4
780,高,4
781,喵,4
782,熊熊,4
783,叻嘟,4
784,361cps,4
785,花花花花花,4
786,康,4
787,小白兔,4
788,清,4
789,歐貝利斯克的巨神熊,4
790,花花花花花花,4
791,小星星,4
792,wdnmdlaugh,4
793,哈基米,4
794,·cali,4
795,本,4
796,🐘,4
797,Roxy,4
798,仙儿仙儿,4
799,~岁月,4
800,Lena,4
801,lx,4
802,邪恶大黄,4
803,马冬梅,4
804,zyh,4
805,晨星z,4
806,马雪梅,4
807,小白猫,4
808,白里,4
809,刘林,4
810,Tlaio,4
811,壮,4
812,鸾镜,4
813,可爱,4
814,yunda,4
815,~居居花,4
816,杰克霜精,4
817,闹闹闹闹闹闹闹,4
818,🎄,4
819,🐋,4
820,Ysx~~,4
821,挂B,4
822,🌰,4
823,镜,4
824,May,4
825,吴,4
826,W,4
827,chiken,4
828,泽芳,4
829,~cali,4
830,ERR,4
831,BiluoSora,4
832,柴柴子酱,4
833,香烟,4
834,偷摸大雞,4
835,renxy,4
836,💤,4
837,鸽北,4
838,鸽子王,4
839,NickXXX,4
840,SB,4
841,mizhiyu,4
842,柠檬,4
843,捏风,4
844,😅,4
845,花卷儿,4
846,🔥,4
847,SG12X,4
848,33333333333,4
849,p哥,4
850,L.XF,4
851,yanshu,4
852,桐,4
853,:P,4
854,j哥,4
855,听雪,4
856,东,4
857,草,4
858,⭐️,4
859,3333333,4
860,S.MY,4
861,佳仪✌️,4
862,猛猛曹,4
863,paul,4
864,b猫,3
865,sjt,3
866,果的奶茶,3
867,HGH,3
868,A醬,3
869,余,3
870,f,3
871,馋,3
872,鹅鹅鹅鹅鹅,3
873,小茄,3
874,胖子,3
875,阳鱼,3
876,小可爱,3
877,西蒙,3
878,rao,3
879,柳五,3
880,妖,3
881,皮,3
882,桃,3
883,Shansere,3
884,黄河,3
885,+,3
886,奇哥,3
887,领航者,3
888,嘎嘎嘎嘎嘎,3
889,郑鸿义,3
890,傑克霜精,3
891,22222,3
892,蓝胖舌吻双头龙,3
893,d,3
894,xixo3,3
895,~笨雩,3
896,G_Man,3
897,( •̀ ω •́ )y,3
898,刺猬,3
899,一只桐桐,3
900,~YJ老师,3
901,舟遥酱,3
902,ZR,3
903,強強麥,3
904,Hollowind,3
905,syh,3
906,南瓜,3
907,中建九局,3
908,大炮,3
909,西安澄闪,3
910,乱星海,3
911,雄雄,3
912,箫,3
913,花卷卷卷卷,3
914,噜噜🐻,3
915,猩猩,3
916,蓝,3
917,玻璃剑,3
918,伊铃,3
919,強強勳,3
920,白可爱捏,3
921,cmt,3
922,白老师，,3
923,达,3
924,闹闹闹闹闹闹,3
925,✌✌,3
926,花花花花花花花,3
927,漂亮姐姐,3
928,老虎,3
929,F,3
930,卷卷卷卷卷,3
931,🔥🔥🔥,3
932,srs ,3
933,lrh,3
934,马师傅,3
935,33天下第一,3
936,柯柯,3
937,阿胡.,3
938,坦闪个好玩游戏,3
939,姐夫,3
940,吴用之人 ,3
941,INaRi,3
942,~牢大,3
943,SRS ,3
944,qinchen1027 ,3
945,sqh,3
946,三野,3
947,nuannuan,3
948,桌游盒,3
949,~lb,3
950,xxxt,3
951,老三,3
952,刘昆,3
953,Jasmine,3
954,Milky,3
955,袋袋,3
956,VVA,3
957,狂狂舒,3
958,·ce,3
959,秩序,3
960,惠惠,3
961,张泽鸿,3
962,2号,3
963,VOICER,3
964,·屈先生,3
965,1号,3
966,jiangjiang,3
967,尼古拉耶维基 ,3
968,Ashley,3
969,Jules,3
970,烨,3
971,蕉某,3
972,·cellinia,3
973,MAOZHUZI,3
974,tracy,3
975,蜩,3
976,花花,3
977,httttttttttt,3
978,远织,3
979,坑,3
980,文,3
981,狗咕,3
982,荷叶,3
983,狗皮虾,3
984,托马斯,3
985,宇,3
986,jaz1,3
987,小不,3
988,羊,3
989,CLLL,3
990,XX1,3
991,~🐟,3
992,黑色贝利亚,3
993,咪老公,3
994,枫,3
995,wxy,3
996,鬼,3
997,cbw,3
998,凡凡凡凡,3
999,圆,3
1000,~猫阀,3
1001,♥,3
1002,冒险家,3
1003,牛,3
1004,主人,3
1005,YJ老师,3
1006,如花,3
1007,31,3
1008,minty,3
1009,赤,3
1010,零七,3
1011,CHX,3
1012,空空,3
1013,情歌,3
1014,苑火猴,3
1015,臭臭,3
1016,李sir,3
1017,老孙,3
1018,M7-11,3
1019,·云,3
1020,🌝🌝,3
1021,⚪,3
1022,才羽桃井,3
1023,原始人,3
1024,竟然有人,3
1025,·麻瓜,3
1026,mu,3
1027,坦闪,3
1028,焖猪,3
1029,mama,3
1030,70,3
1031,oao嘎瑞,3
1032,袁神,3
1033,德美兵鉴赏家,3
1034,5637·,3
1035,Ying,3
1036,素涵,3
1037,~硬,3
1038,LeeMoon,3
1039,航,3
1040,YeeZiiii,3
1041,瞎逼逼,3
1042,不,3
1043,CHAOS,3
1044,HAO,3
1045,5k1~,3
1046,5637~,3
1047,芜湖~,3
1048,老婆,3
1049,老公,3
1050,·🐱,3
1051,·🐷,3
1052,JYmiao,3
1053,baba,3
1054,YXSu,3
1055,~居居币,3
1056,果冻,3
1057,黑神,3
1058,~❀,3
1059,~华,3
1060,老魏,3
1061,2222,3
1062,1111,3
1063,夜神,3
1064,勾,3
1065,Dogelas,3
1066,维维。,3
1067,探索者,3
1068,珂哥,3
1069,开支,3
1070,枪火,3
1071,lzy,3
1072,蝦子,3
1073,苦,3
1074,~☁️,3
1075,小辰,3
1076,居居梨 ,3
1077,博思,3
1078,tjl,3
1079,杰特,3
1080,·b🐱,3
1081,小朋友司机,3
1082,猛猛舒,3
1083,五十铃,3
1084,fx--,3
1085,Yore_ripples,3
1086,莉利娅,3
1087,五块一,3
1088,Haozi,3
1089,清风哥哥,3
1090,Mayo,3
1091,米奇,3
1092,lsw,3
1093,小黑-带娃,3
1094,锐,3
1095,我,3
1096,Jesse,3
1097,樟頭鼠目,3
1098,鸽,3
1099,老婆仔,3
1100,~tmr,3
1101,老公仔,3
1102,鸽子在咕,3
1103,~居,3
1104,星,3
1105,rxyyy,3
1106,~xiaaaaaa,3
1107,中国,3
1108,Qingcen,3
1109,文河,3
1110,夹夹,3
1111,番茄🍅,3
1112,暴君大熊,3
1113,~硬币,3
1114,假,3
1115,蝶梦,3
1116,王文楷,3
1117,喜喜✌,3
1118,豆浆,3
1119,老王老王,3
1120,😍,3
1121,为哥,3
1122,chef,3
1123,·yuan,3
1124,零洛易,3
1125,叶叶,3
1126,yellow,3
1127,唯时代尔,3
1128,下雨,3
1129,小小红,3
1130,羊羊,3
1131,cb,3
1132,dawei,3
1133,小色鹅,3
1134,厌武,3
1135,xyn,3
1136,b🐱,3
1137,mjh,3
1138,·night,3
1139,顺,3
1140,犇,3
1141,bb,3
1142,❤,3
1143,🍉,3
1144,平凡,3
1145,duck,3
1146,聂滔,3
1147,杨sir,3
1148,酱油,3
1149,阿非法,3
1150,土豆🥔,3
1151,ree,3
1152,WZHDY2,3
1153,TWZ,3
1154,Applepy,3
1155,401睿,3
1156,401坤,3
1157,XX,3
1158,睡觉组长,3
1159,。。。,3
1160,black_uuz,3
1161,⑨,3
1162,~沐雨橙风,3
1163,2222✌,3
1164,1111✌,3
1165,老麦,3
1166,大伟,3
1167,嘉瑞,3
1168,梁书欣,3
1169,小美,3
1170,小帅,3
1171,Qincen,3
1172,chenlei,3
1173,竹,3
1174,紫蔷薇,3
1175,雷电将军,3
1176,lilSPARK,3
1177,小猫,3
1178,Yinlianlei,3
1179,红薯🍠,3
1180,小白湖,3
1181,高桥羽,3
1182,~xh,3
1183,火之高兴,3
1184,龙牙,3
1185,军师,2
1186,叶,2
1187,xhhhhhhhhhh,2
1188,Wen,2
1189,小余,2
1190,疾风,2
1191,XXXXXXXXX,2
1192,天使闹,2
1193,du c k,2
1194,Sian,2
1195,Twistzz,2
1196,konan---,2
1197,BQN,2
1198,yuyuyuyuy,2
1199,Chiyo,2
1200,ybbbbbbbbbbbb,2
1201,铁,2
1202,创创,2
1203,刘玄烨,2
1204,rxdate,2
1205,PMQ🐷,2
1206,6mmmm ,2
1207,炫,2
1208,大汗,2
1209,夹,2
1210,王文凯,2
1211,魔法啾啾,2
1212,zhangpiao,2
1213,QXL,2
1214,ui,2
1215,shallow2025,2
1216,徐文峰,2
1217,cyx2,2
1218,george sun ,2
1219,giao哥,2
1220,雪碧🐶,2
1221,水滴,2
1222,p,2
1223,挠痒痒,2
1224,吮指原味鸡,2
1225,YMlalala,2
1226,跟你们爆了！！！,2
1227,淡,2
1228,Nickxxx,2
1229,UI,2
1230,粉色奶油,2
1231,TBB,2
1232,图,2
1233,11234,2
1234,冰凌,2
1235,意大利面导致我晕碳,2
1236,酒桌🐶,2
1237,zhd222,2
1238,饼干🍪,2
1239,老马,2
1240,77,2
1241,2✌,2
1242,猎龙者,2
1243,卷土重来,2
1244,北,2
1245,鸽皇,2
1246,芭芭露亚,2
1247,送得快,2
1248,路人，,2
1249,郑hy,2
1250,口可口可口可,2
1251,王小王,2
1252,DARKER,2
1253,樊阳,2
1254,Egg,2
1255,白老师。,2
1256,特朗普,2
1257,米,2
1258,1✌,2
1259,LDY🐻,2
1260,狗头（已黑化）,2
1261,🌚🌚,2
1262,东风谷早苗,2
1263,不二二,2
1264,buchi,2
1265,万魔殿,2
1266,-cb,2
1267,窑窑窑窑窑窑,2
1268,杨老师，,2
1269,fuduji,2
1270,巴尼-没娃,2
1271,琨,2
1272,🐻,2
1273,人夫-带娃,2
1274,-穹妹,2
1275,椎名千夜,2
1276,~夹蛆,2
1277,暗,2
1278,YELLOW,2
1279,美女迪丽丹,2
1280,木匠-带娃,2
1281,🐔👑,2
1282,ALZAT,2
1283,欧阳！,2
1284,黑鬼,2
1285,傻蛋,2
1286,野兽宋仲基,2
1287,糖,2
1288,dazi,2
1289,xiaowei,2
1290,小阴暗,2
1291,👄👄👄,2
1292,-秦静,2
1293,TAO,2
1294,许壮！！,2
1295,蕊青！！！！,2
1296,神,2
1297,猪小小,2
1298,史大帅,2
1299,犇子,2
1300,IKUN,2
1301,宋大宝,2
1302,羊大美,2
1303,曼神,2
1304,Spurs,2
1305,？神,2
1306,唐天！！！,2
1307,淡伤krmy,2
1308,空条承太郎 ,2
1309,小绿,2
1310,小纪.,2
1311,小母狗,2
1312,浮可草,2
1313,啰啰🐖,2
1314,钱,2
1315,猫阀,2
1316,美国,2
1317,ERPAN,2
1318,奥哥,2
1319,~jiajia,2
1320,宋炜,2
1321,🍮猫,2
1322,小吉.,2
1323,uiouuf,2
1324,bym,2
1325,黑心公司,2
1326,Spectator121,2
1327,全女公司,2
1328,可汗,2
1329,LANQ,2
1330,小米,2
1331,插鼠伯爵,2
1332,张小花,2
1333,神兜兜,2
1334,cao,2
1335,小乖,2
1336,带恶人114,2
1337,~cq,2
1338,雪碧1,2
1339,Yj,2
1340,饼干2,2
1341,钮,2
1342,随行,2
1343,小酒,2
1344,胖虎,2
1345,官,2
1346,333333,2
1347,JS,2
1348,初2兔子,2
1349,煜城,2
1350,卑劣的朱,2
1351,Två,2
1352,Ett,2
1353,瓶子,2
1354,宋炜  ,2
1355,dwx,2
1356,瞿帅,2
1357,利,2
1358,旺财,2
1359,~konna,2
1360,楚楚,2
1361,rx3d,2
1362,wsq,2
1363,振尧,2
1364,Flo,2
1365,庆东,2
1366,yikelandan,2
1367,YSX~~,2
1368,Luu3na,2
1369,~蝶梦,2
1370,~好困,2
1371,小六,2
1372,~c区,2
1373,xht,2
1374,沛泽,2
1375,rxlose,2
1376,狗头已黑化,2
1377,wqz,2
1378,chieribot·,2
1379,方方,2
1380,cth,2
1381,yht,2
1382,常,2
1383,付,2
1384,王中鹤,2
1385,螺号耶耶耶,2
1386,小羊耶耶耶,2
1387,政协,2
1388,sevensins,2
1389,HJL,2
1390,blue,2
1391,Keroro軍曹,2
1392,lyb,2
1393,Dary,2
1394,buqi,2
1395,~cs,2
1396,sn,2
1397,yzz,2
1398,假装有名字,2
1399,小象超市,2
1400,哈哈( •̀ ω •́ )y,2
1401,娇妻,2
1402,萌妹,2
1403,H2O2,2
1404,Leonchokyan,2
1405,奕,2
1406,忧郁大喷菇,2
1407,雞排,2
1408,Zhang,2
1409,🌷,2
1410,☔️,2
1411,捭阖,2
1412,大车干,2
1413,K,2
1414,小伙子,2
1415,冼,2
1416,强哥,2
1417,土拔鼠,2
1418,zwb,2
1419,草田,2
1420,HRE,2
1421,欧阳11,2
1422,许壮11,2
1423,蕊青11,2
1424,袁,2
1425,智慧,2
1426,勇气,2
1427,红磷,2
1428,Alon,2
1429,穆罕默德,2
1430,红色( •̀ ω •́ )y,2
1431,太陽神的翼神熊,2
1432,Pat,2
1433,乞饭冲凉,2
1434,参宿,2
1435,~小朱,2
1436,贝宁,2
1437,`五块一,2
1438,BakaLuLuXH,2
1439,天才,2
1440,RainySugar9,2
1441,车,2
1442,焦太狼,2
1443,猴桑,2
1444,居居 ,2
1445,大头,2
1446,Chao,2
1447,Hao,2
1448,~鱼宝,2
1449,唐天👴,2
1450,br,2
1451,月半合鸟,2
1452,高兴,2
1453,歐貝利斯克的巨神默,2
1454,太陽神的翼神麥,2
1455,dddddora,2
1456,火龙,2
1457,烟,2
1458,ALOOON,2
1459,~林小九,2
1460,~瓜西,2
1461,折,2
1462,tbg-rui,2
1463,泽方,2
1464,麻哈爱音,2
1465,hxy_,2
1466,`night,2
1467,`cali,2
1468,5637,2
1469,laoL,2
1470,DG,2
1471,XH,2
1472,笑,2
1473,哈哈✌,2
1474,亚格,2
1475,熊爸,2
1476,ZhuShou2333,2
1477,EnderHL,2
1478,凤燃,2
1479,~mg,2
1480,竹林七賢,2
1481,随便,2
1482,大麥克,2
1483,~5k,2
1484,小轩,2
1485,鹏,2
1486,~ki,2
1487,wc,2
1488,Tao,2
1489,孔万鑫,2
1490,亚,2
1491,小小雞,2
1492,AssassinMo,2
1493,大红,2
1494,Dora,2
1495,展,2
1496,🌱,2
1497,FrankZhou,2
1498,xiaohq,2
1499,施施,2
1500,男主,2
1501,死神磊子,2
1502,鹿野,2
1503,语梦千寻,2
1504,~b猫,2
1505,🔔,2
1506,yj。,2
1507,杨老师,2
1508,路人老师,2
1509,狂狂曹,2
1510,無名,2
1511,大B,2
1512,聖安,2
1513,仲达,2
1514,遊十代默,2
1515,阿彥,2
1516,ZZZ,2
1517,PAUL,2
1518,cbh',2
1519,WNYwny123,2
1520,虾,2
1521,武騰遊勳,2
1522,君不動遊,2
1523,玖,2
1524,江鬼,2
1525,马林斯克,2
1526,夜夜,2
1527,招核,2
1528,布莱恩,2
1529,~苍,2
1530,mesu,2
1531,秦玉淳,2
1532,唐甜,2
1533,星月,2
1534,Marquess,2
1535,王佳雯,2
1536,王姨,2
1537,yangjiang,2
1538,強強全,2
1539,black,2
1540,达莉亚,2
1541,拜拜,2
1542,维维,2
1543,~鸽鸽,2
1544,Yz,2
1545,姐姐✌🏻,2
1546,妹妹✌🏻,2
1547,bt,2
1548,Ikun,2
1549,Aipotu,2
1550,~居居虾,2
1551,~居居信,2
1552,蕊青✌️,2
1553,~ww,2
1554,BXY,2
1555,BZY,2
1556,zbt,2
1557,g,2
1558,大师,2
1559,候桑,2
1560,路人,2
1561,沪爷,2
1562,~木木,2
1563,Huckebein,2
1564,jlb,2
1565,青蛙,2
1566,超哥,2
1567,我是第一✌️,2
1568,suEwujia123,2
1569,博丽灵梦,2
1570,lyz,2
1571,bie,2
1572,hdl,2
1573,~五块一,2
1574,任星宇,2
1575,Ki,2
1576,鉴赏家,2
1577,喝稀饭,2
1578,小贝宁,2
1579,都市报,2
1580,大石坝,2
1581,ki ,2
1582,屁,2
1583,文和,2
1584,许老师哇,2
1585,dyy,2
1586,百鬼夜行,2
1587,YWJ,2
1588,比,2
1589,谋曹丕,2
1590,~yj,2
1591,~we,2
1592,Qinchen1027,2
1593,水下114,2
1594,dy,2
1595,许壮🍃,2
1596,~巧克力硬币,2
1597,~红烧虾,2
1598,yi,2
1599,AwakingPenguin,2
1600,不消耗名字的硬币 ,2
1601,lj,2
1602,lmy,2
1603,yao,2
1604,wmx,2
1605,Den,2
1606,邪恶小熊,2
1607,崔,2
1608,宝,2
1609,debu,2
1610,出逃人间,2
1611,~花痴雩,2
1612,曹老板,2
1613,x,2
1614,银氨,2
1615,YJ.,2
1616,Monday,2
1617,Khan,2
1618,闹子,2
1619,雷猴,2
1620,天闹,2
1621,shippiu225,2
1622,o,2
1623,黄处,2
1624,YZHH,2
1625,赫宝赫宝我爱你,2
1626,信,2
1627,BLACK,2
1628,wl,2
1629,王洛,2
1630,明石,2
1631,KZJ,2
1632,ljc,2
1633,gj,2
1634,✌RED,2
1635,一,2
1636,yuyi,2
1637,gump,2
1638,xiuxian123,2
1639,废液,2
1640,开罗,2
1641,天使闹闹,2
1642,人夫,2
1643,木匠,2
1644,~宝,2
1645,jyf,2
1646,🐯🐯🐯,2
1647,镜子,2
1648,小邓,2
1649,洛,2
1650,👴👴,2
1651,菜菜,2
1652,狗哥,2
1653,说笑人,2
1654,無,2
1655,matrix ,2
1656,lyf,2
1657,ficsit,2
1658,超级电容器,2
1659,出神入华,2
1660,花花儿,2
1661,sakanatamagoringo,2
1662,glx,2
1663,源,2
1664,楷,2
1665,3333333333333333,2
1666,卷卷卷卷卷卷卷卷卷,2
1667,遥控器,2
1668,龙渊,2
1669,inder,2
1670,宣迪,2
1671,smz,2
1672,野人,2
1673,zzzzzkkkkkbbbbb,2
1674,灯泡,2
1675,Pete宝,2
1676,丹丹,2
1677,天线宝宝,2
1678,wyboar114,2
1679,扶小菜,2
1680,FFFD3,2
1681,思达,2
1682,LH,2
1683,花卷天下第一,2
1684,~zt,2
1685,寒怨,2
1686,卷卷卷,2
1687,花花花花,2
1688,萌新ee,2
1689,~七,2
1690,鹅鹅鹅鹅子,2
1691,杀杀杀,2
1692,袋袋袋,2
1693,咕咕咕,2
1694,香香,2
1695,~幕,2
1696,闫,2
1697,R,2
1698,Kanon,2
1699,XX2,2
1700,Fluorine,2
1701,祁半夏,2
1702,一顺方114,2
1703,LKKK,2
1704,畅儿,2
1705,圣气,2
1706,xxxxxxx,2
1707,·c,2
1708,~硬币恰虾,2
1709,太陽神的翼神齊,2
1710,atat,2
1711,yr,2
1712,dqx,2
1713,~xin,2
1714,~bi,2
1715,maoge,2
1716,🐉🐉🐉,2
1717,franklinchan,2
1718,edge,2
1719,咖喱,2
1720,~雩,2
1721,小马,2
1722,木星大哥被对面抓走啦 ,2
1723,冰,2
1724,zhijie,2
1725,职位,2
1726,小则,2
1727,savingnoob ,2
1728,gzh,2
1729,调和菜菜 ,2
1730,朱浩,2
1731,~牢硬币,2
1732,下降小春,2
1733,~yb,2
1734,硬币,2
1735,~币池雩,2
1736,~虾吃雩,2
1737,~1,2
1738,~ik,2
1739,瓜哥,2
1740,~hua,2
1741,Hirah,2
1742,Biaodi,2
1743,Sanduo,2
1744,·五块一,2
1745,欧盟,2
1746,🐲,2
1747,🍍,2
1748,位子,2
1749,志,2
1750,斌,2
1751,志威,2
1752,贾瑞,2
1753,佳薇,2
1754,MJQ,2
1755,rxyyyyy,2
1756,志位,2
1757,~吃亡灵,2
1758,ybbbbbbbbbb,2
1759,杂鱼仙儿,2
1760,迪,2
1761,屎黄,2
1762,库帅,2
1763,baolei,2
1764,学,2
1765,菊花,2
1766,牛牛,2
1767,~聚聚币,2
1768,~聚聚花,2
1769,PENG0011,2
1770,坤,2
1771,打到扭曲怪,2
1772,Sd,2
1773,小9,2
1774,华,2
1775,医学牛马,2
1776,仓鼠,2
1777,401yr,2
1778,401dqx,2
1779,aLOON,2
1780,GREEN✌,2
1781,tmr ,2
1782,刘神,2
1783,眼÷,2
1784,ZZK,2
1785,401七,2
1786,找史大王,2
1787,杂鱼小爱,2
1788,宇崽,2
1789,小紫,2
1790,Spurs001,2
1791,小白人,2
1792,希诺宁,2
1793,yyyyyyyyyyy,2
1794,美团,2
1795,饿了么,2
1796,京东,2
1797,der,2
1798,sandfastista,2
1799,135starrysky,2
1800,小白吃,2
1801,shun,2
1802,白厄,2
1803,Karozz,2
1804,~tao,2
1805,尼哥,2
1806,Shine,2
1807,Rippin,2
1808,dao,2
1809,longya,2
1810,xiaaaaaa,2
1811,赵子云,2
1812,粉耗,2
